1;Rafael;De Pedro;PeÃ±a;H;depedro9;[je4Wg34BEv7qSh;depedro9@mail.com;3/02/1970;49;1.52;292.84;No Aplica;11;9;1;Inactivo
2;RamÃ³n;DueÃ±as;Cruz;H;rdueÃ±as;&Y}tuFfUR4T?fK;rdueÃ±as@correo.es;13/02/1943;76;1.53;266.27;No Aplica;19;48;1;Disponible
3;Carlos;Vega;HernÃ¡ndez;H;vega57;MK}4g,kYG@5Dc*d;vega57@email.com;26/05/1947;72;1.54;415.86;No Aplica;29;54;2;Inactivo
4;Antonio;BarragÃ¡n;Zarza;H;antbarragan51;w5{Xaakp[bRF/*[;antbarragan51@correo.es;28/07/1940;79;1.55;707.02;No Aplica;23;32;2;Disponible
5;MarÃ­a Josefa;Ramos;Gargallo;M;marramos;2{p[XBkr[WqNZRX;marramos@email.es;12/09/1947;72;1.56;0.0;NO;1;11;0;Inactivo
6;Juan JosÃ©;EstÃ©banez;CaamaÃ±o;H;juanjoseestebanez40;sad;juanjoseest0@email.es;4/08/1943;76;1.57;192.7;No Aplica;72;79;7;Inactivo
7;Maria Teresa;Perea;Pulido;M;maerperea;asd;mareperea@gmail.com;12/10/1971;51;1.58;0.0;NO;4;50;0;Inactivo
8;David;ManjÃ³n;FernÃ¡ndez;H;david.manjon;iolugh;davidmanjon@mail.net;2/04/1960;59;1.59;592.29;No Aplica;85;18;2;Disponible
9;Pedro;Cueva;Gras;H;cueva55;{/[WX?Pzb;cueva55@email.es;28/02/1991;28;1.6;372.83;No Aplica;3;84;0;Inactivo
10;Alberto;GonzÃ¡lez;Luna;H;gonzalez93;ZqiXD@Yp?Ay6+P.;gonzalez93@email.es;6/09/1973;46;1.61;532.28;No Aplica;62;50;1;Inactivo
11;Laura;Navarro;Valle;M;l.navarro;9S.kePBB?)d8r#;l.navarro@mail.es;16/10/1941;78;1.62;0.0;NO;33;18;2;Inactivo
12;Carlos;Del Rio;GonzÃ¡lez;H;carlos.delrio;xxf7ZKN-WuTS$q;carlos.delrio@correo.es;7/04/1981;38;1.63;65.89;No Aplica;11;54;0;Disponible
13;Luis;MuÃ±oz;Molina;H;luimuÃ±oz;S_:vAF!H,z.*&MM;luimuÃ±oz@mail.net;1/10/1943;76;1.64;748.87;No Aplica;44;7;1;Disponible
14;JosÃ© Manuel;JaÃ©n;Cascales;H;josjaen;j[nVqVcYYgGE)7X;josjaen@mail.com;1/02/1936;83;1.65;271.64;No Aplica;41;42;6;Disponible
15;Carmen;Polo;Herrera;M;carmenpolo;r{EHH!KV:V)Kg=;carmenpolo@correo.com;7/03/1942;77;1.66;0.0;NO;3;40;0;Disponible
16;RocÃ­o;Dimitrov;GarcÃ­a;M;dimitrov97;Nz7tzqdnGLi#=(;dimitrov97@mail.com;16/01/1998;21;1.67;0.0;SI;87;64;2;Disponible
17;Pilar;Varela;GarcÃ­a;M;pvarela;q-Za.R)C/Y4z$fS;pvarela@correo.net;19/02/1944;75;1.68;0.0;SI;57;79;0;Inactivo
18;Manuel;DÃ­az;Iglesias;H;manueldiaz12;AgQkPS,3wg$GYTX;manueldiaz12@mail.es;22/10/1942;77;1.69;440.68;No Aplica;93;22;2;Inactivo
19;MarÃ­a;Rama;Gil;M;mrama;L=y&+HbiFMPpha%;mrama@mail.com;12/08/1955;64;1.7;0.0;SI;63;6;1;Disponible
20;Ã�ngel;Estrella;Bermejo;H;angelestrella55;uM$/]Wv8WPAGpCz;angelestrella55@email.net;11/09/1982;37;1.71;424.37;No Aplica;87;97;10;Disponible
21;JosÃ© Luis;MuÃ±iz;Carranza;H;muÃ±iz84;jjZJ{SQDSQtMv={;muÃ±iz84@correo.net;11/10/1960;59;1.72;442.75;No Aplica;53;83;2;Disponible
22;MarÃ­a Teresa;GarcÃ­a;Noguera;M;mar.garcia;%iitRf3LQVZrCG;mar.garcia@correo.com;26/11/1965;53;1.73;0.0;SI;97;45;1;Inactivo
23;Inmaculada;Nieves;Suarez;M;inmnieves;:&=T-Tb:hHM*hjU;inmnieves@mail.com;23/10/1963;56;1.74;0.0;NO;81;92;7;Disponible
24;Diego;JuliÃ¡n;Flores;H;diegojulian37;2iVy!j#?*N&&:5];diegojulian37@mail.com;20/06/1974;45;1.75;68.85;No Aplica;59;29;4;Inactivo
25;JosÃ© Luis;Morales;Puertas;H;josmorales;!x-,iDPkq6GXhA9;josmorales@mail.net;12/07/1998;21;1.76;490.26;No Aplica;84;10;1;Disponible
26;MarÃ­a Ã�ngeles;Miras;Castellanos;M;mmiras;X$3umv=rk*[rA(k;mmiras@email.com;7/08/1965;54;1.77;0.0;NO;54;50;8;Disponible
27;Alejandro;Duran;FernÃ¡ndez;H;duran68;)!hqP_XS#{LScbw;duran68@correo.es;16/10/1941;78;1.78;130.07;No Aplica;33;71;0;Inactivo
28;Antonio;RodrÃ­guez;HernÃ¡ndez;H;antonio.rodriguez;Q&9uX=J)nM69PX,;antonio.rodriguez@mail.es;14/07/1998;21;1.79;989.04;No Aplica;59;62;9;Inactivo
29;Carlos;RodrÃ­guez;FernÃ¡ndez;H;crodriguez64;5%K@tG:{J_n+jJ;crodriguez64@email.net;27/12/1971;47;1.8;499.89;No Aplica;50;83;3;Inactivo
30;MarÃ­a Ã�ngeles;FernÃ¡ndez;HernÃ¡ndez;M;mariaangelesfernandez;(-AjK/vh#SkrQg];mariaangelesfernandez@email.com;5/01/1987;32;1.81;0.0;NO;55;39;3;Disponible
31;Javier;GutiÃ©rrez;Alvarado;H;javiergutierrez24;g},{rQeGv4tzM+[;javiergutierrez24@email.net;26/11/1988;30;1.82;679.81;No Aplica;66;20;0;Inactivo
32;Isabel;DÃ­az;Rusu;M;isabeldiaz;dE8gR]H6Q+Z#9mh;isabeldiaz@email.net;13/10/1985;34;1.83;0.0;SI;57;21;2;Disponible
33;Antonio;Quintana;Gil;H;aquintana61;Tz$m&rTJg!+@_CM;aquintana61@email.net;25/09/1936;83;1.84;440.97;No Aplica;44;26;4;Disponible
34;MarÃ­a Carmen;Puebla;SÃ¡nchez;M;mpuebla;,6F@K3S[b.pw!!;mpuebla@email.com;8/04/1983;36;1.85;0.0;NO;69;62;4;Disponible
35;Josefa;GÃ³mez;GarcÃ­a;M;gomez30;}pmYkf?uGv)?%YD;gomez30@mail.com;14/08/1982;37;1.86;0.0;SI;91;25;1;Disponible
36;Milagros;LÃ³pez;CaÃ±as;M;milagroslopez;G%u6SafJfDNHSP2;milagroslopez@correo.com;14/07/1940;79;1.87;0.0;NO;27;10;1;Disponible
37;Juana;PelÃ¡ez;Zorrilla;M;juanapelaez;+R!9pVMAw8MN4jU;juanapelaez@mail.com;5/05/1994;25;1.88;0.0;SI;38;18;2;Disponible
38;Lucia;Carretero;DomÃ­nguez;M;luciacarretero;Tn{x=z$x5mthqyk;luciacarretero@mail.es;1/09/1995;24;1.89;0.0;SI;81;20;1;Inactivo
39;MarÃ­a Isabel;Saiz;Martin;M;saiz25;:nbweR%jT;saiz25@correo.com;10/09/1995;24;1.9;0.0;NO;71;71;11;Inactivo
40;MarÃ­a Dolores;SÃ¡nchez;SÃ¡nchez;M;mariadoloressanchez;Ez/My]nqwVJJZe&;mariadoloressanchez@correo.net;20/11/1957;61;1.91;0.0;NO;38;6;1;Inactivo
41;Milagros;MuÃ±iz;Rubio;M;mmuÃ±iz35;+LXikc6c2,mA7MJ;mmuÃ±iz35@email.es;9/08/1958;61;1.92;0.0;NO;47;97;0;Disponible
42;Manuel;Arellano;SolÃ­s;H;manuelarellano;&zHgVj}P.AJ7XRW;manuelarellano@mail.es;27/10/1964;55;1.93;655.64;No Aplica;32;65;5;Disponible
43;JosÃ© Luis;MartÃ­nez;Cruces;H;martinez74;/CG+2G*H]2)JtU_;martinez74@mail.com;20/07/1974;45;1.94;931.84;No Aplica;71;63;1;Inactivo
44;Vicente;GarcÃ­a;Esteban;H;garcia24;nzdvJM3:UwXMfZ@;garcia24@correo.com;29/07/1971;48;1.95;810.01;No Aplica;61;22;2;Inactivo
45;MarÃ­a;Barroso;PÃ©rez;M;mar.barroso;H4/:NcF@6#+5kR8;mar.barroso@correo.es;17/02/1964;55;1.96;0.0;SI;69;66;1;Disponible
46;Mercedes;GonzÃ¡lez;AgÃ¼era;M;mergonzalez;3?uD&e22g+[%8]B;mergonzalez@email.es;14/07/1954;65;1.97;0.0;NO;76;72;7;Disponible
47;Catalina;Arrizabalaga;Bosch;M;catalinaarrizabalaga54;ZMFauL7NR$cCG}i;catalinaarrizabalaga54@correo.net;3/12/1943;75;1.52;0.0;SI;76;30;1;Disponible
48;Miguel Ã�ngel;Trinidad;Moreno;H;miguelangel.trinidad;9zn=bW:!_/e#?WX;miguelangel.trinidad@email.es;18/01/1994;25;1.53;856.05;No Aplica;20;6;1;Disponible
49;Rafael;OrdoÃ±ez;Gaspar;H;rafordoÃ±ez;+Uj5Y$G*6g6_!Cr;rafordoÃ±ez@mail.es;1/11/1963;55;1.54;686.57;No Aplica;57;58;3;Disponible
50;MarÃ­a Carmen;GonzÃ¡lez;GÃ³mez;M;gonzalez77;fb?*mV32XNt=Pvb;gonzalez77@correo.net;11/12/1969;49;1.55;0.0;SI;96;67;8;Inactivo
51;Ana MarÃ­a;PÃ©rez;Pose;M;anperez;)kxKMHuJh]W,%}a;anperez@email.es;31/03/1970;49;1.56;0.0;NO;52;88;6;Disponible
52;MarÃ­a Mar;Ribas;GÃ³mez;M;marribas;]v6(DrV.{3-#UYY;marribas@correo.net;24/03/1942;77;1.57;0.0;NO;91;12;2;Inactivo
53;Ã�lvaro;GarcÃ­a;SÃ¡nchez;H;alv.garcia;+dNerBh.YYN-7Cc;alv.garcia@correo.com;3/03/1991;28;1.58;104.86;No Aplica;60;29;1;Disponible
54;Miguel Ã�ngel;Bayona;Piris;H;miguebayona;ZC{5*d}6)xxe?pa;miguebayona@email.net;7/09/1953;66;1.59;999.28;No Aplica;6;90;0;Inactivo
55;RocÃ­o;JimÃ©nez;Cortes;M;r.jimenez;c${:M[{Mb-3+X,W;r.jimenez@correo.net;17/02/1939;80;1.6;0.0;NO;28;22;0;Disponible
56;Salvador;Aguilar;Reyes;H;salvadoraguilar;KC)USZUWPKzcv;salvadoraguilar@correo.net;15/02/1935;84;1.61;101.11;No Aplica;11;78;1;Disponible
57;Isabel;PÃ©rez;Salinas;M;isaperez;BUTJE)&[pnMg;isaperez@mail.es;3/03/1936;83;1.62;0.0;NO;66;28;2;Disponible
58;Ana MarÃ­a;Andreu;Pitarch;M;andreu53;pTiXu({2#}_cLEe;andreu53@mail.net;24/04/1987;32;1.63;0.0;NO;76;76;12;Inactivo
59;Josefa;JuÃ¡rez;Curiel;M;juarez71;)PE[J6xhyX::,Dx;juarez71@mail.net;16/12/1981;37;1.64;0.0;NO;2;95;0;Inactivo
60;MarÃ­a Teresa;Elizalde;PÃ©rez;M;marelizalde;Mg7Bj_!rch3)Nn8;marelizalde@email.es;9/07/1999;20;1.65;0.0;NO;6;42;0;Inactivo
61;Lucia;Moyano;Mercado;M;luciamoyano;,[3znWc(L2)nZ%q;luciamoyano@email.es;10/03/1973;46;1.66;0.0;SI;92;79;2;Inactivo
62;Manuel;Jover;JuÃ¡rez;H;jover94;=z/&$n}vSB%b[3V;jover94@correo.net;22/11/1949;69;1.67;846.72;No Aplica;86;1;0;Inactivo
63;MarÃ­a Carmen;Ã�lvarez;RodrÃ­guez;M;alvarez15;.gaCthb+_te:_u};alvarez15@mail.es;25/11/1969;49;1.68;0.0;SI;22;63;3;Disponible
64;Miguel Ã�ngel;Vega;RodrÃ­guez;H;m.vega;r9bRYaW_h:z3]XV;m.vega@mail.net;5/07/1958;61;1.69;939.88;No Aplica;40;52;2;Disponible
65;MarÃ­a JosÃ©;Zapata;GÃ³mez;M;mzapata1;hNtka6BEb}*i..U;mzapata1@email.es;27/10/2000;19;1.7;0.0;NO;66;86;2;Disponible
66;JesÃºs;Herrera;LÃ³pez;H;j.herrera;UeQCmE:TQ%4y*)a;j.herrera@email.net;1/02/1976;43;1.71;215.98;No Aplica;94;80;0;Disponible
67;Carmen;FernÃ¡ndez;Romera;M;carfernandez12;Bnr#QTaTMtMXAU;carfernandez12@mail.es;10/08/1954;65;1.72;0.0;SI;82;18;0;Disponible
68;Antonio;Ã�lvarez;MartÃ­nez;H;alvarez24;BmJxZcxK4i}k2*};alvarez24@email.com;20/06/1955;64;1.73;515.83;No Aplica;84;3;0;Disponible
69;Antonia;Espinosa;RamÃ­rez;M;ant.espinosa;&6:AAU?m6eyFJjk;ant.espinosa@email.es;25/03/1973;46;1.74;0.0;SI;92;63;8;Inactivo
70;Ã�ngel;Gaona;Zabala;H;angelgaona;u=)PPqwB].JY:e[;angelgaona@correo.com;29/11/1935;83;1.75;335.48;No Aplica;49;62;8;Disponible
71;Francisco;Cruz;GarcÃ­a;H;fra.cruz;NPd2n.Q*%[Xckjw;fra.cruz@mail.net;14/12/1943;75;1.76;384.69;No Aplica;37;66;5;Disponible
72;BegoÃ±a;Herrera;LÃ³pez;M;begherrera59;=E:#6H+JG:g:g]9;begherrera59@correo.es;28/08/1976;43;1.77;0.0;SI;71;38;2;Disponible
73;Juana;Nieto;Prieto;M;juanieto;rf6q_qmVE[6Ccu=;juanieto@email.es;15/08/1992;27;1.78;0.0;SI;89;48;4;Inactivo
74;MarÃ­a Pilar;CastaÃ±o;Palomino;M;mariapilarcastaÃ±o;5tnAL2M)T{N(Qc;mariapilarcastaÃ±o@email.net;9/02/1986;33;1.79;0.0;SI;45;3;0;Inactivo
75;Isabel;Santiago;Navarro;M;isabelsantiago;}EAfprkxa7?c=G@;isabelsantiago@email.es;19/12/1990;28;1.8;0.0;NO;87;27;3;Disponible
76;Julia;LÃ³pez;HernÃ¡ndez;M;jlopez;HVQFCuxk!R29}aJ;jlopez@email.es;17/07/1942;77;1.81;0.0;NO;82;23;1;Disponible
77;MÃ³nica;Ortiz;Navas;M;ortiz98;(UHTt?wZmYD2A#(;ortiz98@mail.net;13/04/1946;73;1.82;0.0;NO;74;28;0;Inactivo
78;Antonio;FernÃ¡ndez;JimÃ©nez;H;antoniofernandez74;#pC}Vg/u.#gw4cG;antoniofernandez74@email.net;23/08/1976;43;1.83;87.16;No Aplica;29;64;0;Disponible
79;Francisco;VelÃ¡zquez;Gimeno;H;f.velazquez;{g%e=G#AKc_&V}i;f.velazquez@mail.es;8/06/1960;59;1.84;775.61;No Aplica;83;10;0;Disponible
80;MarÃ­a Carmen;PÃ©rez;Segarra;M;marperez81;+W}SS@iU(c=wX2h;marperez81@email.net;26/08/1945;74;1.85;0.0;SI;56;86;1;Disponible
81;MarÃ­a Carmen;Pintos;Egea;M;pintos5;6zbEubLYa&iX4m!;pintos5@email.net;1/03/1986;33;1.86;0.0;NO;56;98;8;Inactivo
82;Antonio;Conde;Carpintero;H;conde96;d9/mxyD@vvc7qC?;conde96@correo.es;2/09/1957;62;1.87;609.65;No Aplica;96;29;4;Disponible
83;Juan;Tejeda;Ferrero;H;tejeda93;LZiNXjj4?5(+TM_;tejeda93@correo.com;24/02/1991;28;1.88;895.24;No Aplica;78;80;10;Inactivo
84;Ã�ngel;JimÃ©nez;Martin;H;angjimenez;A[GHx.xRUw/9Qrh;angjimenez@correo.com;7/07/1961;58;1.89;651.15;No Aplica;43;46;4;Inactivo
85;Josefa;Rico;Ripoll;M;josrico49;KxV:h!dz}D}6!_U;josrico49@correo.es;29/12/1989;29;1.9;0.0;SI;17;70;0;Inactivo
86;JosÃ© Luis;Guijarro;Robles;H;guijarro54;d}w%)BREvFpdjK;guijarro54@correo.es;18/04/1948;71;1.91;463.99;No Aplica;37;55;4;Inactivo
87;Francisco;Salinas;Pons;H;fra.salinas;6dN9br=,7e%#vm=;fra.salinas@email.es;21/11/1949;69;1.92;563.31;No Aplica;92;64;9;Disponible
88;Francisco;Leiva;Cano;H;franciscoleiva;_=B,j@uG5HMUSmv;franciscoleiva@email.com;2/06/1964;55;1.93;410.83;No Aplica;69;47;6;Inactivo
89;JosÃ© Luis;Osorio;Suarez;H;jososorio;3pS#7*g&QuZEGgh;jososorio@email.net;21/02/1980;39;1.94;826.18;No Aplica;37;34;4;Disponible
90;Antonia;FernÃ¡ndez;SÃ¡nchez;M;antfernandez;CK4/Bf)m3}RL!)3;antfernandez@mail.com;19/06/1968;51;1.95;0.0;SI;54;14;2;Inactivo
91;MarÃ­a Pilar;Bejarano;Requena;M;mbejarano34;]BdU7h@)H9mw64W;mbejarano34@mail.net;21/04/1997;22;1.96;0.0;SI;26;3;0;Inactivo
92;Carmen;Blanca;GonzÃ¡lez;M;blanca30;@3dc=Jdyv6FJv#Z;blanca30@email.com;12/10/1975;44;1.97;0.0;SI;59;24;0;Disponible
93;Teresa;Calle;Arribas;M;tcalle80;@bW4+DJu(9RKzeB;tcalle80@correo.net;15/08/1944;75;1.52;0.0;NO;79;87;12;Inactivo
94;Rosa MarÃ­a;Merino;JimÃ©nez;M;rmerino;ZH:N}q&S-mCMt#D;rmerino@mail.net;27/03/1954;65;1.53;0.0;SI;26;19;3;Disponible
95;Rosa MarÃ­a;Reina;Alonso;M;rosreina;.?D8PHCk%BFJj6];rosreina@mail.net;17/01/1962;57;1.54;0.0;NO;78;99;3;Inactivo
96;Cristina;Ilie;SÃ¡nchez;M;cristinailie;BEHa8+.}(StJzDF;cristinailie@mail.net;29/12/1998;20;1.55;0.0;NO;58;16;0;Inactivo
97;Juan Carlos;SanmartÃ­n;Valdivia;H;jsanmartin;JxmE3ceP:tVwT3i;jsanmartin@mail.es;5/10/1944;75;1.56;933.21;No Aplica;66;3;0;Inactivo
98;Santiago;Ares;Riba;H;santiagoares65;RDH[SHpTg)LtY:f;santiagoares65@correo.com;28/05/1960;59;1.57;141.4;No Aplica;75;23;2;Disponible
99;Juan;Santos;SÃ¡nchez;H;jua.santos;-$CguNg%2y,QP9E;jua.santos@correo.net;12/11/1958;60;1.58;854.3;No Aplica;3;61;0;Disponible
100;Francisca;Sola;Martin;M;frasola;(b#+8e8Rb[QUuX@;frasola@correo.com;6/03/1994;25;1.59;0.0;NO;81;88;8;Inactivo
101;JosÃ© Antonio;JimÃ©nez;GonzÃ¡lez;H;joseantoniojimenez;-PZGgk?.nS]2vTy;joseantoniojimenez@correo.com;24/12/1946;72;1.6;390.52;No Aplica;99;95;12;Inactivo
102;JesÃºs;Llorens;PÃ©rez;H;llorens76;jCf?9)J+4e]CRBJ;llorens76@mail.net;6/04/1994;25;1.61;668.22;No Aplica;77;88;11;Disponible
103;Rosa;Ribas;PÃ¡ez;M;ribas57;9M*pVY$#?+vJKR!;ribas57@correo.net;21/06/1978;41;1.62;0.0;NO;8;90;0;Disponible
104;JosÃ© MarÃ­a;Garmendia;LÃ³pez;H;garmendia19;!u%852N2MRpd:b#;garmendia19@mail.es;28/02/1965;54;1.63;867.36;No Aplica;26;52;3;Disponible
105;MarÃ­a Dolores;Valle;LÃ³pez;M;mariadolores.valle;4vR%uSe,EXBrxdT;mariadolores.valle@email.com;20/05/2001;18;1.64;0.0;NO;13;16;2;Disponible
106;Francisco Javier;Cuesta;Rivero;H;franciscojavier.cuesta;ENR4i6VPZ%}f/.S;franciscojavier.cuesta@email.com;6/02/1969;50;1.65;883.99;No Aplica;18;13;2;Inactivo
107;Alejandro;Parejo;Domingo;H;aleparejo;7##E8T2XCd#8djC;aleparejo@mail.net;20/08/1994;25;1.66;231.76;No Aplica;43;29;4;Inactivo
108;MarÃ­a Antonia;MartÃ­nez;Reverte;M;marmartinez;PJr,VnSbT-x-N46;marmartinez@email.com;5/11/1951;67;1.67;0.0;SI;26;90;1;Inactivo
109;Laura;Castillo;Saavedra;M;lcastillo;brnUe5C&R}}q{B*;lcastillo@email.com;17/09/1950;69;1.68;0.0;SI;51;90;2;Disponible
110;Ã�ngel;RodrÃ­guez;HernÃ¡ndez;H;angel.rodriguez;Nmw,ry:Zp-9zN}c;angel.rodriguez@email.es;6/12/1979;39;1.69;191.36;No Aplica;32;42;5;Inactivo
111;Juan Antonio;ExpÃ³sito;LeÃ³n;H;jua.exposito;ZBdZ:HkL(Ye+:x8;jua.exposito@email.com;13/07/1967;52;1.7;350.16;No Aplica;21;56;0;Inactivo
112;Isabel;GarcÃ­a;JordÃ¡n;M;isabel.garcia;RwHjg+HzpG!G:Rp;isabel.garcia@correo.es;7/03/1961;58;1.71;0.0;SI;63;37;4;Disponible
113;Carlos;Murillo;CÃ¡rceles;H;cmurillo67;g&{g%j*7($56gR,;cmurillo67@correo.com;30/08/1965;54;1.72;977.67;No Aplica;92;73;10;Inactivo
114;Juan Carlos;Barranco;GÃ³mez;H;jua.barranco;%+C7@}XyTRi-!g);jua.barranco@mail.com;5/03/1944;75;1.73;751.34;No Aplica;73;34;0;Disponible
115;Francisco;FrancÃ©s;Pereira;H;ffrances;C6iA7U}$YbM)R$m;ffrances@email.com;5/01/1954;65;1.74;182.07;No Aplica;64;45;1;Disponible
116;David;RodrÃ­guez;Duran;H;davrodriguez;Y=Mkdhwq8.*gxz;davrodriguez@correo.es;23/04/1948;71;1.75;508.01;No Aplica;8;44;0;Inactivo
117;MarÃ­a Carmen;MillÃ¡n;Angulo;M;marmillan;{@zvj/5TD!,jmwk;marmillan@email.com;31/08/1954;65;1.76;0.0;NO;87;38;4;Inactivo
118;MarÃ­a;Alonso;LÃ³pez;M;maralonso44;wT9#Tav!X,Hd+*H;maralonso44@email.es;28/07/1974;45;1.77;0.0;SI;22;87;0;Disponible
119;Carmen;Carranza;LÃ³pez;M;carmen.carranza;x@TAW8ExLy/X(mQ;carmen.carranza@email.net;1/10/1995;24;1.78;0.0;NO;3;62;0;Disponible
120;MarÃ­a Josefa;Ruiz;HernÃ¡ndez;M;m.ruiz;iue#YqaR@4mKf6b;m.ruiz@correo.es;16/12/1963;55;1.79;0.0;SI;31;34;3;Disponible
121;MarÃ­a Carmen;GarcÃ­a;Prieto;M;mgarcia;.?{K4Q3uv[uT@Dq;mgarcia@mail.es;9/06/1969;50;1.8;0.0;NO;4;10;0;Inactivo
122;MarÃ­a JosÃ©;Bello;Barquero;M;mbello;bnmYB58$d6WVJB&;mbello@email.net;30/06/1988;31;1.81;0.0;SI;66;97;10;Inactivo
123;RamÃ³n;Carril;Ramos;H;rcarril;[d(=kqcQp.b8MAn;rcarril@mail.com;11/03/1946;73;1.82;519.5;No Aplica;22;63;2;Disponible
124;MarÃ­a JesÃºs;GonzÃ¡lez;Osorio;M;margonzalez;3959/-zUikUWi6i;margonzalez@email.com;1/04/1975;44;1.83;0.0;SI;97;28;4;Inactivo
125;Vicente;Ruiz;Andreu;H;ruiz96;$F/HVC*$pZhBJUM;ruiz96@email.es;21/02/1936;83;1.84;949.78;No Aplica;14;71;1;Disponible
126;Pilar;Lujan;Campos;M;plujan;pq/4=Cmuu$e7w5&;plujan@email.com;16/08/1999;20;1.85;0.0;NO;92;61;9;Disponible
127;JosÃ© Luis;AmorÃ³s;LÃ³pez;H;joseluisamoros;{7w,Hy@HxJ)Xbkv;joseluisamoros@mail.net;16/02/1975;44;1.86;797.11;No Aplica;53;72;3;Inactivo
128;MarÃ­a Dolores;Hernando;CastaÃ±eda;M;marhernando;bpfanTdQZaJPRa@;marhernando@email.es;5/04/1992;27;1.87;0.0;SI;58;63;8;Disponible
129;Ainhoa;Torres;MacÃ­as;M;aintorres;VBpazwRSvF*.nC3;aintorres@email.com;28/07/1966;53;1.88;0.0;SI;7;50;1;Inactivo
130;Mercedes;Martin;DÃ­az;M;mermartin;5vURzv5AS_uh}6U;mermartin@email.com;1/06/1994;25;1.89;0.0;NO;98;5;0;Inactivo
131;RaÃºl;CatalÃ¡;HernÃ¡ndez;H;raucatala;q*,zXM[R/!Mj#R6;raucatala@mail.com;24/07/1995;24;1.9;435.75;No Aplica;100;84;1;Inactivo
132;MarÃ­a Pilar;GÃ³mez;Alonso;M;gomez13;Lih&cSE+6Dx}=X+;gomez13@mail.com;4/07/1975;44;1.91;0.0;NO;56;24;1;Inactivo
133;Andrea;FernÃ¡ndez;Sancho;M;andfernandez;VJh$[=M6?,D)NG;andfernandez@mail.es;12/07/1974;45;1.92;0.0;SI;57;71;1;Disponible
134;Teresa;Ã�lvarez;Costa;M;talvarez;zRqDc_Yz6]Me%Ak;talvarez@email.net;5/08/1991;28;1.93;0.0;NO;73;52;0;Inactivo
135;Sergio;GonzÃ¡lez;Moyano;H;sergiogonzalez;%Qca_rae$BjNbdh;sergiogonzalez@correo.net;7/09/1977;42;1.94;396.21;No Aplica;75;61;6;Inactivo
136;JesÃºs;GarcÃ­a;Ballesteros;H;jgarcia;R?W-=R$_7yHn:2#;jgarcia@email.com;2/07/1969;50;1.95;245.05;No Aplica;29;38;2;Inactivo
137;Sergio;Losada;Espinosa;H;s.losada;C%pW3UEuwXV:QS*;s.losada@correo.es;1/07/1943;76;1.96;203.02;No Aplica;20;5;0;Disponible
138;Alfonso;JuliÃ¡n;Centeno;H;julian39;7V?5]axZ#vGPPU_;julian39@correo.net;9/07/1984;35;1.97;967.56;No Aplica;46;20;1;Disponible
139;Ã�lvaro;DÃ­az;Valero;H;alvarodiaz;Z)#qQ&ygFg(H4*R;alvarodiaz@correo.es;13/06/1951;68;1.52;569.13;No Aplica;1;50;0;Disponible
140;Ã�ngel;Ã�lvarez;Heredia;H;aalvarez;%Tpc2p*vRN$qwP.;aalvarez@mail.com;26/04/1961;58;1.53;175.25;No Aplica;95;25;2;Inactivo
141;Miguel;MuÃ±oz;SÃ¡nchez;H;mmuÃ±oz;]:ND+]j3ED_wr&K;mmuÃ±oz@email.com;14/11/1974;44;1.54;930.21;No Aplica;45;8;1;Disponible
142;Josefa;BernÃ¡rdez;GarcÃ­a;M;j.bernardez;@3+?y7c2D/iXCqx;j.bernardez@email.es;10/11/1993;25;1.55;0.0;SI;81;30;2;Inactivo
143;Miguel;Roca;Alba;H;mroca;[Xz9v(NJZqw59ue;mroca@correo.es;28/10/1937;82;1.56;401.26;No Aplica;12;62;2;Inactivo
144;Natalia;Nieto;MartÃ­nez;M;natalianieto;e%TDv$u@iv*?qW;natalianieto@email.com;4/08/1939;80;1.57;0.0;SI;30;5;0;Inactivo
145;MarÃ­a Isabel;Elena;OcaÃ±a;M;m.elena;mA+jTD3*WFbm*M];m.elena@email.com;8/07/1996;23;1.58;0.0;NO;1;10;0;Disponible
146;Marta;LÃ³pez;Mendoza;M;mlopez12;{#D}jc]Q6&+zZ=;mlopez12@mail.es;30/07/1937;82;1.59;0.0;NO;54;34;1;Disponible
147;Antonio;Neira;DÃ­az;H;a.neira;naCZ#YFv4/(}.U;a.neira@mail.es;29/01/1972;47;1.6;407.85;No Aplica;90;60;3;Disponible
148;Miguel Ã�ngel;SÃ¡nchez;GonzÃ¡lez;H;msanchez;Z.x9&WKWU(3D&}a;msanchez@mail.es;9/08/1986;33;1.61;364.52;No Aplica;91;36;6;Inactivo
149;Pilar;Robles;Vila;M;robles90;r/Dr$:W:aaEt3,G;robles90@email.com;1/02/1944;75;1.62;0.0;SI;77;90;12;Inactivo
150;Antonia;Casal;GÃ³mez;M;antoniacasal;udc_83G@PS54jYg;antoniacasal@correo.net;29/03/1936;83;1.63;0.0;SI;95;82;12;Inactivo
151;Juan JosÃ©;Godoy;Roca;H;jgodoy;HdWkE8?(H?zZCub;jgodoy@correo.net;20/07/1936;83;1.64;772.62;No Aplica;85;87;13;Disponible
152;MarÃ­a Pilar;Navarro;Almendros;M;marinavarro;n&#C/mw.&tgPGGQ;marinavarro@email.com;18/12/1963;55;1.65;0.0;SI;62;17;2;Inactivo
153;MarÃ­a Dolores;UreÃ±a;Pena;M;mariadolores.ureÃ±a;8q%/+2*VKjK(kbx;mariadolores.ureÃ±a@email.com;30/07/1992;27;1.66;0.0;SI;90;60;5;Inactivo
154;MarÃ­a Rosario;Peralta;HernÃ¡ndez;M;mperalta;-4?Z-Sr%yRt6r2#;mperalta@email.com;5/04/1949;70;1.67;0.0;NO;98;38;3;Inactivo
155;MÃ³nica;Castillo;PÃ¡rraga;M;monicacastillo;]7[=S2HezXv5p8{;monicacastillo@correo.es;30/05/1978;41;1.68;0.0;SI;21;22;0;Disponible
156;MarÃ­a Luisa;Del Rio;GÃ³mez;M;marialuisade;Ag{hZ84*Syq,G$;marialuisade@mail.com;27/04/1961;58;1.69;0.0;SI;52;88;7;Inactivo
157;JosÃ©;Cortes;FernÃ¡ndez;H;jcortes;F6Sie}L,)6*G}i;jcortes@mail.net;27/07/1969;50;1.7;766.82;No Aplica;57;25;4;Inactivo
158;Marta;Marcos;Viejo;M;marcos88;r+]u)e*+g[YZe,=;marcos88@correo.com;12/06/1956;63;1.71;0.0;SI;8;43;0;Inactivo
159;Rafael;GarcÃ­a;MÃ¡rquez;H;rafaelgarcia78;NcvNS(@7=9CLi3T;rafaelgarcia78@mail.com;21/10/1946;73;1.72;799.41;No Aplica;91;2;0;Disponible
160;Anna;Mera;Pizarro;M;anna.mera;PKYNy(+S?e*eSS$;anna.mera@mail.com;14/05/1983;36;1.73;0.0;NO;48;19;3;Disponible
161;JosÃ© Antonio;NÃºÃ±ez;GarcÃ­a;H;jnuÃ±ez;$(D[Wu3B6gjRkub;jnuÃ±ez@correo.net;16/08/1962;57;1.74;870.13;No Aplica;12;6;1;Disponible
162;MarÃ­a Carmen;MarÃ­n;Marrero;M;marmarin;gjmyJ8rP#{W.{G2;marmarin@mail.net;23/07/1961;58;1.75;0.0;NO;56;70;2;Inactivo
163;Ã�ngel;Merino;Mera;H;merino48;(,KCRm_!qk&{r=F;merino48@mail.net;15/11/1978;40;1.76;67.67;No Aplica;68;76;2;Disponible
164;MarÃ­a Teresa;Huang;Pino;M;huang31;6TuS=wC&wn!K3q;huang31@email.net;2/08/1984;35;1.77;0.0;NO;38;96;2;Disponible
165;MarÃ­a;Georgiev;Tejada;M;georgiev89;w]MMuM2DR-Gfq{;georgiev89@mail.com;19/02/1964;55;1.78;0.0;NO;89;96;2;Disponible
166;Mercedes;GutiÃ©rrez;Molina;M;gutierrez90;-7H$ZLexR)Yc8m9;gutierrez90@correo.com;25/01/1953;66;1.79;0.0;SI;66;20;2;Inactivo
167;Miguel;Cueto;MuÃ±oz;H;m.cueto;m!CGFhMbg)6vy/f;m.cueto@correo.com;28/07/1953;66;1.8;417.9;No Aplica;10;33;0;Inactivo
168;Francisco Javier;SÃ¡nchez;Castillo;H;sanchez55;Gb/ZiP8%tc@jE?:;sanchez55@email.com;22/09/1960;59;1.81;316.16;No Aplica;30;3;0;Inactivo
169;Marta;Del Castillo;Saavedra;M;de79;5(NxJqq?3K--v{,;de79@email.com;22/08/1986;33;1.82;0.0;SI;35;27;4;Inactivo
170;Rafael;Alonso;Barbero;H;alonso95;BWdhuQ/c)=]mEfB;alonso95@email.net;19/01/1979;40;1.83;73.78;No Aplica;43;10;0;Inactivo
171;MarÃ­a Pilar;Talavera;Escobar;M;maritalavera;D_?Len/qcpN9]6;maritalavera@mail.com;13/01/1954;65;1.84;0.0;SI;33;6;0;Inactivo
172;Javier;Cano;Ruiz;H;cano13;}bUQgJA:g]rSZk!;cano13@correo.es;21/05/1998;21;1.85;787.99;No Aplica;43;9;1;Inactivo
173;MarÃ­a Teresa;Barbero;Malo;M;barbero96;[:WRLi-&#&KE8?9;barbero96@email.com;23/06/1943;76;1.86;0.0;NO;66;37;1;Disponible
174;MarÃ­a Carmen;GÃ³mez;Herrero;M;mar.gomez;}u2Wue5uTLT%v:X;mar.gomez@email.com;9/05/1945;74;1.87;0.0;SI;51;18;3;Inactivo
175;Manuel;Ortiz;SÃ¡nchez;H;ortiz23;z%3i$D{XZU!nar};ortiz23@mail.com;4/02/1971;48;1.88;134.34;No Aplica;39;4;0;Inactivo
176;MarÃ­a JesÃºs;Camacho;Ospina;M;maricamacho;Vp2%t6FZH:}n=JZ;maricamacho@mail.com;3/08/1937;82;1.89;0.0;SI;58;11;0;Inactivo
177;Rafaela;PÃ©rez;BellÃ³n;M;rperez;uLB]Lnr@u_8.6r,;rperez@email.es;3/04/1980;39;1.9;0.0;NO;6;60;1;Inactivo
178;JoaquÃ­n;Vidal;Alvarado;H;joaquin.vidal;t7u$AcBgqpDx8yQ;joaquin.vidal@mail.com;30/08/1975;44;1.91;898.2;No Aplica;21;40;0;Disponible
179;Alfonso;Padilla;Marques;H;alfonsopadilla52;a)%LdcpufLU&QJf;alfonsopadilla52@correo.com;8/03/1948;71;1.92;617.26;No Aplica;89;87;6;Inactivo
180;Josefa;Marques;Contreras;M;jmarques;ffJv7hVUgpKk[=%;jmarques@correo.com;1/08/1947;72;1.93;0.0;SI;97;66;3;Inactivo
181;Miguel Ã�ngel;Rubio;LÃ³pez;H;migrubio;VxzD#cA9%*_M.6/;migrubio@correo.es;21/10/1969;50;1.94;414.1;No Aplica;55;13;1;Inactivo
182;Manuela;Mengual;Bueno;M;manuelamengual82;%ytk5,-6uvm{C=G;manuelamengual82@correo.es;11/11/1987;31;1.95;0.0;SI;81;26;2;Disponible
183;Miguel Ã�ngel;FernÃ¡ndez;Bravo;H;migue.fernandez;BM*E+?$aS6n8epG;migue.fernandez@correo.com;4/07/1962;57;1.96;339.21;No Aplica;53;63;4;Inactivo
184;Francisco;Carranza;GarcÃ©s;H;franciscocarranza;f,#hBE$@zG+P3EZ;franciscocarranza@correo.net;27/11/1996;22;1.97;371.32;No Aplica;23;98;3;Inactivo
185;Josefa;GarcÃ­a;GarcÃ­a;M;josgarcia;SpMzDuyf?.J.rC#;josgarcia@mail.com;1/04/1991;28;1.52;0.0;NO;13;28;1;Inactivo
186;Dolores;Atienza;Ribeiro;M;dolatienza;2$)L+!&RDrUy-E;dolatienza@mail.es;24/05/1970;49;1.53;0.0;SI;39;28;4;Inactivo
187;Enrique;Guerrero;BarragÃ¡n;H;guerrero17;S!eHJ_i)8-zQ4,k;guerrero17@mail.es;18/10/1937;82;1.54;658.96;No Aplica;54;72;6;Inactivo
188;Rosa MarÃ­a;Chica;Costa;M;roschica67;hb)!Q$N&6b?:TnG;roschica67@correo.es;21/08/1952;67;1.55;0.0;NO;9;1;0;Disponible
189;Juan JosÃ©;Campos;GarcÃ­a;H;j.campos;MJ&TiF[bLg@P,d;j.campos@email.net;30/11/1959;59;1.56;643.03;No Aplica;77;42;2;Disponible
190;Francisco Javier;PiÃ±ero;Tovar;H;frapiÃ±ero;TJ9-&dFtaNC.L&-;frapiÃ±ero@email.es;18/08/1977;42;1.57;679.75;No Aplica;45;6;0;Disponible
191;Alejandro;Lastra;Mora;H;alejandrolastra100;8C839hy]bbBjTMU;alejandrolastra100@correo.net;15/11/1962;56;1.58;477.9;No Aplica;30;79;0;Disponible
192;Inmaculada;Asensio;Moral;M;iasensio25;a2CrY)HN$7E&Zp];iasensio25@correo.net;4/03/1987;32;1.59;0.0;SI;72;19;1;Inactivo
193;Cristina;Cabrera;Barranco;M;cabrera66;jSew)VPuxpxWu&(;cabrera66@email.com;13/12/1962;56;1.6;0.0;SI;75;100;10;Disponible
194;Mercedes;DÃ­az;Cantos;M;merdiaz;7:xEWdL=BDC@gja;merdiaz@email.net;18/01/1962;57;1.61;0.0;NO;81;20;3;Disponible
195;JosÃ© Luis;GarcÃ­a;Pereira;H;jos.garcia;f)},HjmvGK@jg;jos.garcia@correo.es;27/02/2001;18;1.62;477.86;No Aplica;10;11;0;Disponible
196;Francisco;Santiago;Navarro;H;santiago26;TJT7!$Tm@:g{RD2;santiago26@correo.es;14/04/1942;77;1.63;947.54;No Aplica;90;85;0;Inactivo
197;Antonio;Otero;Navas;H;ant.otero;4n{UXwpUzrV6y35;ant.otero@email.net;24/04/1957;62;1.64;908.69;No Aplica;14;65;0;Disponible
198;MarÃ­a;GonzÃ¡lez;Ferreras;M;mgonzalez45;..m-=X(7CW#%.Q;mgonzalez45@correo.com;10/09/1943;76;1.65;0.0;NO;3;93;0;Disponible
199;Juan Antonio;GarcÃ­a;Merino;H;garcia32;ZP{!k8zZx=yaZQ;garcia32@mail.es;9/02/1989;30;1.66;235.93;No Aplica;15;46;2;Inactivo
200;Jorge;Abad;GarcÃ­a;H;jorgeabad;V#$FUV2NV(jv%BF;jorgeabad@mail.net;30/01/1950;69;1.67;354.45;No Aplica;34;90;4;Disponible
201;Ã�ngel;GonzÃ¡lez;Conde;H;agonzalez;VqDh-quBt9ry]Ky;agonzalez@mail.es;27/11/1958;60;1.68;957.86;No Aplica;61;78;6;Disponible
202;Marina;Casas;Amores;M;marcasas;mr@YCZ[KHwD4Q==;marcasas@correo.com;23/11/1971;47;1.69;0.0;SI;75;98;9;Inactivo
203;Beatriz;CatalÃ¡n;GonzÃ¡lez;M;beacatalan;T_7T4cP5HPPhT;beacatalan@email.com;23/05/1993;26;1.7;0.0;SI;45;80;3;Disponible
204;Miguel;Marco;PelÃ¡ez;H;mig.marco;vq$+PpjArnDa3fT;mig.marco@correo.com;6/06/1953;66;1.71;704.58;No Aplica;46;12;1;Inactivo
205;Carmen;FernÃ¡ndez;Tejedor;M;carfernandez;9Qc_rEM-eR7*u+*;carfernandez@correo.es;8/01/1948;71;1.72;0.0;NO;9;90;0;Inactivo
206;Enrique;RodrÃ­guez;Mena;H;enrrodriguez;b?}u7&KS{RKLN$j;enrrodriguez@mail.com;9/09/1953;66;1.73;443.1;No Aplica;36;23;1;Disponible
207;Juana;Cabrera;SÃ¡nchez;M;jua.cabrera;[$KL[t-6@r.55EX;jua.cabrera@mail.net;5/04/1971;48;1.74;0.0;SI;78;15;2;Disponible
208;Pablo;Esteve;GalÃ¡n;H;pabloesteve;,.h/-vQ@X*PMNL5;pabloesteve@mail.es;11/09/1988;31;1.75;303.27;No Aplica;73;42;2;Disponible
209;Manuel;CarriÃ³n;FernÃ¡ndez;H;manuelcarrion;PHM3aG5m5Wqr7?;manuelcarrion@email.com;17/08/1962;57;1.76;297.56;No Aplica;80;51;5;Disponible
210;Alicia;SÃ¡ez;GÃ³mez;M;alisaez;]ub*Q8&]3wDC{M3;alisaez@mail.net;19/03/1935;84;1.77;0.0;NO;3;6;0;Inactivo
211;Isabel;Morales;Salgado;M;isabel.morales;cF2/j2g.2GR:%%;isabel.morales@email.es;14/09/1994;25;1.78;0.0;NO;4;77;0;Inactivo
212;Sergio;Moya;Moral;H;moya67;B8YMA[f_p5!4A+t;moya67@correo.net;19/03/1936;83;1.79;129.26;No Aplica;13;9;0;Inactivo
213;Ã�ngeles;Casado;LÃ³pez;M;a.casado;6g!*z{Sxd-Xmx}x;a.casado@email.net;30/10/1948;71;1.8;0.0;NO;94;54;8;Inactivo
214;Jaume;Ferri;Moreno;H;jaumeferri;=U9N+i)u-twpdtA;jaumeferri@email.es;31/01/1947;72;1.81;616.92;No Aplica;17;49;0;Disponible
215;Ana;AlarcÃ³n;Lujan;M;anaalarcon;mG*_(ApviPXtBST;anaalarcon@email.com;14/12/1996;22;1.82;0.0;NO;62;83;5;Inactivo
216;Rosa;Pons;Ramos;M;rpons;p5BYMmeQY_UA&-;rpons@mail.es;9/07/1993;26;1.83;0.0;SI;47;66;4;Inactivo
217;AdriÃ¡n;Rey;Quintanilla;H;adr.rey;,L+79uxYcF?aZSZ;adr.rey@correo.net;21/11/1968;50;1.84;698.55;No Aplica;71;71;0;Disponible
218;Rosario;RamÃ­rez;Lago;M;rosarioramirez;=:,g_[E]y?m8,)/;rosarioramirez@correo.com;12/07/1937;82;1.85;0.0;SI;30;58;1;Disponible
219;Carmen;MartÃ­nez;RodrÃ­guez;M;cmartinez;Pv_6fwnUERT%@B=;cmartinez@correo.net;5/06/1992;27;1.86;0.0;NO;83;26;0;Inactivo
220;Rosa MarÃ­a;Chamorro;Lago;M;roschamorro;J_G:!jrupvv{M;roschamorro@correo.net;22/11/1959;59;1.87;0.0;SI;15;24;0;Disponible
221;MarÃ­a;Cid;GÃ³mez;M;marcid;%8%tqD8@cQnHTVK;marcid@mail.es;27/02/1985;34;1.88;0.0;SI;31;31;1;Inactivo
222;Manuel;CastaÃ±o;Diez;H;castaÃ±o2;2Qi86QpB})Mexr.;castaÃ±o2@correo.com;24/07/1979;40;1.89;943.71;No Aplica;47;7;0;Inactivo
223;MarÃ­a Dolores;Rosa;GarcÃ­a;M;m.rosa;a8AScMD7#a@dqBj;m.rosa@email.com;30/07/1943;76;1.9;0.0;NO;5;59;0;Inactivo
224;Marta;GarcÃ­a;GonzÃ¡lez;M;margarcia96;SeA)dvrgc4d@7ex;margarcia96@mail.net;6/07/1962;57;1.91;0.0;SI;50;84;7;Inactivo
225;Javier;Rico;LÃ³pez;H;jrico;%gg?USP24,42Qyh;jrico@email.es;8/12/1982;36;1.92;366.55;No Aplica;23;98;1;Disponible
226;Mohamed;Moreno;RodrÃ­guez;H;mohamedmoreno47;%Q:-Jq=@r$*:R,!;mohamedmoreno47@mail.com;11/07/1944;75;1.93;648.21;No Aplica;34;77;4;Inactivo
227;Diego;Alfaro;SÃ¡nchez;H;alfaro21;inp+r4Zr[qa-$M7;alfaro21@email.net;8/04/1969;50;1.94;419.6;No Aplica;5;36;0;Inactivo
228;Ignacio;HernÃ¡ndez;Aznar;H;hernandez7;Ti/=L,d?wC%V,Q/;hernandez7@correo.net;16/07/1954;65;1.95;604.63;No Aplica;76;24;3;Inactivo
229;JesÃºs;GutiÃ©rrez;FernÃ¡ndez;H;gutierrez88;G!Xh2}Tax9G2589;gutierrez88@mail.es;19/02/1982;37;1.96;313.43;No Aplica;90;78;9;Disponible
230;Josefa;GarcÃ­a;SÃ¡nchez;M;josefagarcia;XdHD.=tPe@Zu6t=;josefagarcia@email.net;26/05/1963;56;1.97;0.0;SI;33;74;5;Inactivo
231;MarÃ­a JesÃºs;Escalera;FernÃ¡ndez;M;mariajesusescalera54;Q.ik4SZmb%:..Wt;mariajesusescalera54@email.com;26/11/1940;78;1.52;0.0;NO;30;51;5;Inactivo
232;MarÃ­a Isabel;Reyes;GarcÃ­a;M;marireyes;Dz%NHnFtM!9@*-/;marireyes@email.es;9/11/1961;57;1.53;0.0;SI;45;84;7;Disponible
233;MarÃ­a JesÃºs;MarÃ­n;Poza;M;m.marin;QbJf:K72JK]+Fp;m.marin@correo.net;30/11/1964;54;1.54;0.0;NO;76;61;0;Inactivo
234;Antonia;LÃ³pez;RomÃ¡n;M;antonialopez40;Ye!_Tm4j[]R6#j-;antonialopez40@mail.es;18/08/1952;67;1.55;0.0;NO;35;83;1;Disponible
235;JosÃ© Antonio;Ruiz;Iglesias;H;josruiz29;VEc4X/p6weQUDxT;josruiz29@mail.es;24/03/1960;59;1.56;973.23;No Aplica;83;18;1;Disponible
236;Carlos;PÃ©rez;Varela;H;perez71;rHB5LqJ/,XL_cZk;perez71@mail.com;1/08/1954;65;1.57;875.73;No Aplica;95;96;14;Disponible
237;Antonio;Benavent;PÃ©rez;H;abenavent;t/K#vVKuAr2-.d6;abenavent@mail.es;16/05/1936;83;1.58;784.4;No Aplica;62;29;2;Inactivo
238;MarÃ­a;Toledo;GonzÃ¡lez;M;mariatoledo;8cNiT*nvqk+Lat%;mariatoledo@mail.net;29/07/1964;55;1.59;0.0;SI;44;34;3;Inactivo
239;Pilar;MacÃ­as;Carmona;M;pilmacias;q5!p3AWAawM)C7_;pilmacias@email.es;21/12/1953;65;1.6;0.0;SI;52;94;5;Disponible
240;Irene;Torres;GarcÃ­a;M;itorres;ALY}5]qKcCqE*/;itorres@correo.es;4/05/1961;58;1.61;0.0;NO;19;93;0;Inactivo
241;Francisco Javier;Martin;Ros;H;franciscojaviermartin18;.xH&F}?#%NZ8Jc9;franciscojaviermartin18@mail.net;8/07/1979;40;1.62;776.17;No Aplica;2;77;0;Disponible
242;Miguel Ã�ngel;PeÃ±a;RodrÃ­guez;H;migpeÃ±a;F@$!f#tBM6gA2z;migpeÃ±a@email.net;13/08/1956;63;1.63;709.33;No Aplica;93;63;9;Inactivo
243;Antonio;Parra;Hinojosa;H;antonioparra1;9)Q#@WK*GEJjDEp;antonioparra1@correo.es;16/02/1998;21;1.64;878.38;No Aplica;95;100;13;Inactivo
244;Carlos;De la Fuente;LÃ³pez;H;d57;2vQ:th!W$_9k&9/;d57@mail.es;17/05/1997;22;1.65;946.24;No Aplica;26;73;4;Disponible
245;Nuria;Salguero;RodrÃ­guez;M;nuria.salguero;4_,Ar#H.5-@Hu[G;nuria.salguero@correo.com;16/11/1939;79;1.66;0.0;SI;63;16;1;Disponible
246;JesÃºs;Mansilla;GarcÃ­a;H;j.mansilla;UVzWY#9Qimt.@6/;j.mansilla@mail.es;24/02/1944;75;1.67;158.26;No Aplica;4;31;0;Disponible
247;Amparo;Plata;Berrio;M;amp.plata;jifDu5@QjxS:+_u;amp.plata@correo.es;8/01/1969;50;1.68;0.0;SI;33;80;4;Inactivo
248;Ã�ngel;Alonso;MuÃ±oz;H;angel.alonso;,y4j&ttu{[QZ7SY;angel.alonso@mail.net;6/11/1940;78;1.69;274.24;No Aplica;96;34;5;Inactivo
249;Antonia;Salazar;Pascual;M;antsalazar71;$3[HHF&zdz3F78@;antsalazar71@correo.net;28/09/1975;44;1.7;0.0;NO;37;21;3;Inactivo
250;Antonio;Cervera;JimÃ©nez;H;acervera89;u--wVvR9$NViQ/$;acervera89@correo.es;25/08/1947;72;1.71;456.38;No Aplica;11;19;1;Inactivo
251;MarÃ­a Teresa;Stoica;LÃ³pez;M;mar.stoica;uZ)(S3c:?6wk3Ya;mar.stoica@email.com;12/10/1945;74;1.72;0.0;NO;46;39;5;Inactivo
252;Susana;PÃ©rez;GonzÃ¡lez;M;susana.perez;*2]XB(MdveH67;susana.perez@correo.net;2/03/1952;67;1.73;0.0;NO;34;51;5;Disponible
253;Pablo;Cortes;Mora;H;pabcortes95;v.QD.dk/85h(%uR;pabcortes95@email.com;25/03/1981;38;1.74;248.45;No Aplica;82;42;6;Inactivo
254;Marta;YÃ¡Ã±ez;Moya;M;martayaÃ±ez;$fmW2N_aYnUQ}*F;martayaÃ±ez@email.es;2/05/1980;39;1.75;0.0;NO;78;78;4;Disponible
255;MarÃ­a;Mateos;Merino;M;mmateos;*3=E!qL(WhS6N!:;mmateos@mail.net;14/09/1941;78;1.76;0.0;SI;55;8;0;Disponible
256;Teresa;GarcÃ­a;RodrÃ­guez;M;garcia50;hQ&?(3cME(a=&Vr;garcia50@correo.com;22/11/1970;48;1.77;0.0;SI;75;60;8;Disponible
257;Irene;Ã�lvarez;Santana;M;irene.alvarez;bc2]T[evwU&8KhC;irene.alvarez@email.es;20/11/1991;27;1.78;0.0;NO;24;3;0;Inactivo
258;Francisco;RomÃ¡n;GonzÃ¡lez;H;roman43;Qq:B$gY8Exy?/7B;roman43@email.com;23/12/1943;75;1.79;276.39;No Aplica;93;57;0;Inactivo
259;Ã�ngel;GarcÃ­a;Montero;H;garcia20;6VX3qg4u_hLTxJ,;garcia20@email.es;20/03/1976;43;1.8;498.74;No Aplica;7;12;1;Inactivo
260;MarÃ­a Carmen;GarcÃ­a;Serrano;M;mariacarmengarcia43;2%f]a&txw]pfY&.;mariacarmengarcia43@email.net;19/07/1985;34;1.81;0.0;SI;80;33;3;Inactivo
261;Amparo;MejÃ­as;AlarcÃ³n;M;amejias;MhuG-wwL#&LJLY7;amejias@mail.com;17/04/1943;76;1.82;0.0;NO;24;49;0;Disponible
262;Carmen;MartÃ­nez;Doval;M;car.martinez;%R_[EGPj9ZBPDA;car.martinez@email.es;24/02/1939;80;1.83;0.0;NO;36;14;0;Inactivo
263;Antonio;Calvo;OrdoÃ±ez;H;acalvo;R{m9yV-@,dwVwh;acalvo@email.es;10/05/1989;30;1.84;394.87;No Aplica;75;10;0;Inactivo
264;Ana;FernÃ¡ndez;Mas;M;fernandez61;Weme[E8TBiy3am;fernandez61@correo.com;5/09/1985;34;1.85;0.0;NO;7;51;1;Inactivo
265;Daniel;FernÃ¡ndez;Salazar;H;d.fernandez;_yVqe[bx[gN$A27;d.fernandez@email.es;25/10/1943;76;1.86;195.22;No Aplica;39;36;0;Inactivo
266;JosÃ© Luis;Ortega;Herrera;H;jos.ortega;(FN*Y{f_c[9[HA;jos.ortega@email.net;27/03/1963;56;1.87;248.42;No Aplica;62;47;5;Inactivo
267;MÃ³nica;Carrasco;Escribano;M;monica.carrasco;yjz%u!,:SyG_i$H;monica.carrasco@correo.com;10/02/1968;51;1.88;0.0;NO;96;93;6;Inactivo
268;JosÃ© Luis;Rosell;GonzÃ¡lez;H;jrosell;.MYwdpB6nG&8acZ;jrosell@mail.com;28/02/1965;54;1.89;285.61;No Aplica;71;34;4;Disponible
269;MarÃ­a;Ã�lvarez;RamÃ³n;M;malvarez;Kjnk7y2:.pT/ekY;malvarez@email.es;5/10/1954;65;1.9;0.0;NO;40;68;3;Disponible
270;Manuel;FernÃ¡ndez;DueÃ±as;H;manuelfernandez5;fnqW*=97MPA&#qR;manuelfernandez5@mail.net;24/12/1992;26;1.91;267.8;No Aplica;88;89;14;Disponible
271;JosÃ©;Cabeza;FernÃ¡ndez;H;jos.cabeza;VRhwHzR4@v)m?w;jos.cabeza@email.com;10/04/1997;22;1.92;94.18;No Aplica;25;51;4;Disponible
272;Pablo;Alonso;Rius;H;palonso65;#&q9eVb(PDKSvWx;palonso65@email.es;24/01/1947;72;1.93;523.8;No Aplica;14;9;0;Inactivo
273;Antonio;Pinto;Herrera;H;pinto87;Zy!DjQTPCeG@VXp;pinto87@email.com;4/09/1964;55;1.94;53.74;No Aplica;49;45;4;Inactivo
274;Beatriz;PÃ©rez;HernÃ¡ndez;M;bperez87;ZM[iU&=Pc7EwGg;bperez87@mail.com;11/05/1986;33;1.95;0.0;NO;86;74;12;Disponible
275;Antonio;Ruiz;Vicente;H;antruiz;AXEt4/$7H,Q:M&m;antruiz@email.es;3/07/2001;18;1.96;462.1;No Aplica;14;11;0;Disponible
276;Juan Antonio;LÃ³pez;GarcÃ­a;H;lopez67;RKk%7xD6vbwWr!;lopez67@mail.net;15/04/1994;25;1.97;481.66;No Aplica;71;96;5;Disponible
277;MarÃ­a;Martin;GarcÃ­a;M;martin99;Y$9jY.{7:@#:Zpi;martin99@mail.com;23/04/1959;60;1.52;0.0;NO;31;37;0;Disponible
278;JosÃ©;Ortiz;MartÃ­nez;H;josortiz;M]Btn+(V4CPkZG;josortiz@email.net;2/09/1977;42;1.53;851.1;No Aplica;41;6;1;Inactivo
279;MarÃ­a Magdalena;Llopis;Alba;M;mariamagdalena.llopis;+dx]qNR(ftidnpJ;mariamagdalena.llopis@email.com;15/04/1937;82;1.54;0.0;NO;87;1;0;Disponible
280;Ã�lvaro;FernÃ¡ndez;GarcÃ­a;H;alvarofernandez;E3VF(rX7i,H@[y#;alvarofernandez@mail.net;14/06/1977;42;1.55;76.86;No Aplica;74;6;1;Inactivo
281;Rafael;Casal;SÃ¡nchez;H;rafael.casal;59f.:gw9(r#,v-E;rafael.casal@correo.net;26/07/1937;82;1.56;716.21;No Aplica;97;17;2;Inactivo
282;Laura;SÃ¡nchez;De la Torre;M;lau.sanchez;T+-bQXQ($v:V.++;lau.sanchez@correo.net;19/04/1949;70;1.57;0.0;SI;100;18;3;Inactivo
283;MarÃ­a Mar;Espinosa;Blanco;M;m.espinosa;CC+EJ4G)jGKB5fc;m.espinosa@correo.net;27/12/1980;38;1.58;0.0;NO;58;28;0;Inactivo
284;Javier;Mesa;ExpÃ³sito;H;mesa38;BzHp{qR5Cx@8Z:z;mesa38@mail.com;21/11/1994;24;1.59;713.48;No Aplica;24;9;1;Inactivo
285;Jorge;De la Calle;FernÃ¡ndez;H;jordelacalle55;P#HLTY#-8=4DiE;jordelacalle55@email.net;26/11/1959;59;1.6;618.65;No Aplica;42;78;3;Inactivo
286;MarÃ­a JosÃ©;FernÃ¡ndez;Cruz;M;mari.fernandez;._@kN9hFmA[%MpE;mari.fernandez@email.com;18/09/1968;51;1.61;0.0;SI;88;63;3;Disponible
287;Alberto;Segovia;FernÃ¡ndez;H;segovia57;u#qPWqxDt7a.]Fe;segovia57@email.net;15/11/1953;65;1.62;732.79;No Aplica;30;46;3;Disponible
288;MarÃ­a;Manzano;Martin;M;manzano55;*_99e{3.xvr2Edk;manzano55@correo.es;2/06/1969;50;1.63;0.0;SI;24;28;2;Inactivo
289;Ana;MÃ¡rquez;Ruiz;M;anamarquez;Qc*?muqN9iHbK)m;anamarquez@correo.es;15/02/1941;78;1.64;0.0;NO;37;32;2;Disponible
290;Pedro;Moreno;Martin;H;pmoreno40;MX[q}[cb*eJt/=d;pmoreno40@mail.com;13/11/1951;67;1.65;120.69;No Aplica;18;23;0;Disponible
291;Isabel;MartÃ­nez;Vidal;M;isamartinez;fcZgY,4E]nC]T=Q;isamartinez@email.com;21/06/1956;63;1.66;0.0;NO;38;9;1;Disponible
292;JesÃºs;Nieto;SÃ¡nchez;H;jesnieto89;Ee#DXx.!ZRt7jyL;jesnieto89@mail.com;8/10/1976;43;1.67;684.08;No Aplica;57;36;5;Inactivo
293;MarÃ­a JesÃºs;MartÃ­;GonzÃ¡lez;M;marmarti;Y*?_X}U7]e9(wTW;marmarti@email.com;12/09/1962;57;1.68;0.0;NO;34;98;5;Disponible
294;David;Castellanos;Rubio;H;davidcastellanos;!yUNqD8Y)x3)u_};davidcastellanos@mail.com;6/02/1944;75;1.69;157.78;No Aplica;68;60;10;Inactivo
295;JosÃ©;BernabÃ©;Del Hoyo;H;jose.bernabe;@8crU@VMMEj+k?t;jose.bernabe@correo.es;9/12/1939;79;1.7;169.19;No Aplica;52;11;1;Inactivo
296;MarÃ­a Dolores;Peiro;PÃ©rez;M;marpeiro;jc&n:(8EgQ]=MY5;marpeiro@correo.es;1/09/1945;74;1.71;0.0;NO;86;76;0;Inactivo
297;Pedro;BuendÃ­a;Aguilar;H;buendia96;fM&--AxydCq*8%d;buendia96@correo.es;20/02/1949;70;1.72;204.23;No Aplica;73;70;2;Inactivo
298;Javier;LÃ³pez;LÃ³pez;H;javierlopez;c!kM$8Wg/i7iDf);javierlopez@correo.com;15/03/1981;38;1.73;443.07;No Aplica;68;48;2;Disponible
299;MarÃ­a;LÃ¡zaro;MarÃ­n;M;mar.lazaro;qgcG478dBV/+NJm;mar.lazaro@correo.com;13/08/1948;71;1.74;0.0;SI;62;69;8;Disponible
300;MarÃ­a;Gallardo;SÃ¡nchez;M;mariagallardo24;$RRtd+x!=E,&L;mariagallardo24@email.net;16/06/1958;61;1.75;0.0;NO;11;6;1;Inactivo
301;RubÃ©n;CÃ³rdoba;Benavides;H;rub.cordoba;z4TUdtSzn6N47TL;rub.cordoba@mail.com;28/03/1971;48;1.76;244.12;No Aplica;97;38;6;Inactivo
302;Manuel;Torres;HernÃ¡ndez;H;mantorres16;kH$M-3!(N?8VGbU;mantorres16@correo.es;13/06/1935;84;1.77;506.12;No Aplica;66;3;0;Disponible
303;Luis;Moreno;MartÃ­nez;H;luismoreno17;9!gm/b?B]/iV#t;luismoreno17@mail.es;17/08/1991;28;1.78;668.37;No Aplica;11;20;0;Disponible
304;Raquel;Murillo;Ferreiro;M;murillo61;Ec{PiphYH{?pGx4;murillo61@mail.net;28/12/1988;30;1.79;0.0;NO;76;45;2;Inactivo
305;MarÃ­a Rosa;Acosta;MuÃ±oz;M;macosta;Cjdf4]:*Pj?)h6;macosta@email.es;13/06/1983;36;1.8;0.0;NO;23;97;2;Inactivo
306;Juana;Tomas;MuÃ±oz;M;juana.tomas;*/iUWj../v_HGT;juana.tomas@correo.es;14/01/1981;38;1.81;0.0;NO;64;69;5;Inactivo
307;MarÃ­a Pilar;Toledo;Ortega;M;mariapilartoledo;(K%?5FRAV9?k;mariapilartoledo@email.com;7/03/1995;24;1.82;0.0;SI;4;26;0;Disponible
308;Manuel;Colomer;Castro;H;manuelcolomer74;$BWtY!]=rLZ--R;manuelcolomer74@email.com;27/07/1984;35;1.83;728.51;No Aplica;54;42;1;Disponible
309;RamÃ³n;Murillo;MartÃ­nez;H;rmurillo;u?Y33M6yq8fEk-[;rmurillo@email.net;3/04/1969;50;1.84;784.14;No Aplica;38;61;4;Inactivo
310;Josep MarÃ­a;Pico;FernÃ¡ndez;H;josepmariapico;2_}x.XeF4Dem6di;josepmariapico@correo.es;14/12/1984;34;1.85;826.28;No Aplica;78;25;4;Inactivo
311;Marina;Redondo;MacÃ­as;M;redondo45;2.&mvEQ8JD,5xj;redondo45@mail.com;5/07/1994;25;1.86;0.0;SI;63;64;5;Inactivo
312;Manuel;MÃ¡rquez;GarcÃ­a;H;manmarquez;PB{g@%AU$iPZY9?;manmarquez@email.es;6/10/1947;72;1.87;903.39;No Aplica;52;5;0;Inactivo
313;Dolores;Arguello;Parejo;M;dol.arguello;/SG!,R#fqad[K9;dol.arguello@mail.com;8/10/1950;69;1.88;0.0;SI;63;2;0;Inactivo
314;Laura;Prieto;Clemente;M;lauraprieto;+yC6g]x5G2Y4g&4;lauraprieto@mail.net;2/09/1969;50;1.89;0.0;SI;31;31;0;Inactivo
315;MarÃ­a Teresa;LÃ³pez;Redondo;M;marilopez47;7$ie.HV@$:k2wH_;marilopez47@email.com;20/11/1936;82;1.9;0.0;NO;22;41;2;Inactivo
316;MarÃ­a Dolores;CastejÃ³n;Bas;M;marcastejon;huMb5R*YEWidj7%;marcastejon@mail.net;27/01/1944;75;1.91;0.0;SI;8;17;0;Inactivo
317;Jorge;Domingo;Arenas;H;jordomingo;(.(3DRc?KVYzCAy;jordomingo@mail.net;16/08/1968;51;1.92;219.57;No Aplica;80;5;0;Disponible
318;Fernando;MartÃ­nez;PÃ©rez;H;fermartinez;wnZcJ9]xck&*T5;fermartinez@mail.es;25/11/1952;66;1.93;794.14;No Aplica;35;25;2;Disponible
319;Eva;Villa;RodrÃ­guez;M;evavilla;[,)Bvbeewg&z:}n;evavilla@email.net;19/07/1974;45;1.94;0.0;SI;61;83;7;Inactivo
320;Josep;SÃ¡nchez;GarcÃ­a;H;jossanchez;#qr=P]J]L[L$%5K;jossanchez@email.es;8/11/1974;44;1.95;560.47;No Aplica;25;91;1;Inactivo
321;Enrique;MuÃ±oz;SÃ¡nchez;H;enr.muÃ±oz;N4P)aq=Cj6Yq*.k;enr.muÃ±oz@email.net;20/06/1961;58;1.96;825.23;No Aplica;4;23;0;Inactivo
322;MarÃ­a Luisa;Camacho;Mena;M;marialuisacamacho;gwkY=QQ8zd$nWf3;marialuisacamacho@mail.es;10/07/1953;66;1.97;0.0;NO;48;13;0;Inactivo
323;Marta;Baz;GÃ³mez;M;mbaz22;awM86V-rtpw)DY;mbaz22@correo.net;22/06/2001;18;1.52;0.0;SI;5;70;0;Inactivo
324;Francisco;Tamayo;RodrÃ­guez;H;tamayo7;MA]%V(Qzu,Z]7,,;tamayo7@mail.com;1/07/1976;43;1.53;126.44;No Aplica;71;69;0;Inactivo
325;Joan;Sebastia;MartÃ­nez;H;jsebastia71;:N%{A+LFF8$Xn:[;jsebastia71@email.com;4/08/1961;58;1.54;799.92;No Aplica;9;85;1;Inactivo
326;MarÃ­a;Lara;Mellado;M;marialara;tcjB+fBXX7zKV{n;marialara@email.es;21/06/1946;73;1.55;0.0;SI;83;11;1;Inactivo
327;RubÃ©n;RodrÃ­guez;Palomo;H;rubenrodriguez91;%W[7?_t6!?4)-t%;rubenrodriguez91@correo.es;11/09/1961;58;1.56;460.92;No Aplica;99;67;1;Inactivo
328;Rosa;GarcÃ­a;Aznar;M;garcia91;CWz)B$SjDqU{y/R;garcia91@mail.net;30/10/1961;58;1.57;0.0;NO;57;80;1;Disponible
329;Eva MarÃ­a;Serra;Mato;M;evaserra;cW=2RE}.TM9::k2;evaserra@correo.net;14/06/1949;70;1.58;0.0;SI;26;46;3;Inactivo
330;Enrique;GarcÃ­a;DomÃ­nguez;H;enrgarcia;u}-/:_@NgxzQuqY;enrgarcia@correo.net;11/07/1990;29;1.59;135.83;No Aplica;62;42;5;Disponible
331;Julia;SantamarÃ­a;PÃ©rez;M;jsantamaria;%,!VFju4/@]9f)9;jsantamaria@correo.es;29/10/1982;37;1.6;0.0;SI;56;31;5;Disponible
332;Susana;Campos;Mendoza;M;campos37;4*6E!Mbh!hb2+d=;campos37@mail.es;18/01/1985;34;1.61;0.0;NO;82;14;1;Disponible
333;MarÃ­a Carmen;MarÃ­n;GonzÃ¡lez;M;marin17;&7%RHggK,F.N5@?;marin17@correo.net;20/11/1961;57;1.62;0.0;SI;82;23;0;Inactivo
334;RocÃ­o;Ortega;Casanova;M;rortega;7f.Xk4_Hb9.cU=6;rortega@mail.es;23/10/1961;58;1.63;0.0;SI;72;53;8;Inactivo
335;Laura;Frutos;Alonso;M;frutos59;{Wqi%B&k-4Jb$E;frutos59@email.com;6/12/1993;25;1.64;0.0;NO;12;89;2;Inactivo
336;MarÃ­a JosÃ©;Romero;SÃ¡nchez;M;mariromero;5VJM)k%=-uiwDP;mariromero@correo.es;14/02/1954;65;1.65;0.0;SI;49;98;0;Disponible
337;Ã�ngeles;Gimeno;Lloret;M;angelesgimeno;Dz$qna,C!c{%:AB;angelesgimeno@email.com;23/09/2001;18;1.66;0.0;SI;100;98;5;Inactivo
338;MarÃ­a Carmen;SÃ¡nchez;Molina;M;marsanchez67;UVaEaJZRq7[U#rB;marsanchez67@mail.com;20/08/1960;59;1.67;0.0;NO;15;56;2;Disponible
339;Santiago;EstÃ©vez;Vargas;H;santiagoestevez10;zHw9QE@eQfQQ+p,;santiagoestevez10@mail.net;1/02/1960;59;1.68;838.21;No Aplica;94;60;4;Inactivo
340;Fernando;Bilbao;Bas;H;bilbao58;g2Db$RH)&H_L*jZ;bilbao58@correo.net;9/08/1947;72;1.69;712.91;No Aplica;57;41;3;Inactivo
341;Francisca;Ballesteros;Ruiz;M;fballesteros;e*z(JLA]]tvk.kh;fballesteros@email.net;11/03/1936;83;1.7;0.0;NO;4;87;0;Disponible
342;Dolores;MartÃ­nez;Arellano;M;d.martinez;uN&KEAHPf$GiwyC;d.martinez@mail.es;17/03/1978;41;1.71;0.0;SI;100;9;1;Inactivo
343;JosÃ© Luis;Novo;Cuervo;H;josnovo;_WMQ76Q72:Mf-fx;josnovo@correo.com;23/09/1986;33;1.72;886.52;No Aplica;65;16;0;Disponible
344;Pilar;Urbano;LÃ³pez;M;pilarurbano;_WJU#r!dGYX5S5q;pilarurbano@mail.es;20/02/1963;56;1.73;0.0;NO;53;72;6;Inactivo
345;RamÃ³n;Zamora;Llorente;H;rzamora5;f{kR/m4,ttr)SX;rzamora5@mail.net;18/01/1939;80;1.74;886.65;No Aplica;30;81;2;Inactivo
346;JosÃ© Manuel;Mateos;Guillen;H;josmateos;7M/!aC8:M/T4bM};josmateos@correo.com;20/04/1972;47;1.75;786.67;No Aplica;60;66;10;Inactivo
347;Juan;RodrÃ­guez;DomÃ­nguez;H;juarodriguez;g[PA+)iKFe+kH,r;juarodriguez@mail.net;9/02/1966;53;1.76;388.48;No Aplica;55;65;6;Inactivo
348;Manuel;Canal;LeÃ³n;H;mancanal;!S+@,r4x)G%wLu;mancanal@email.com;27/02/1992;27;1.77;107.1;No Aplica;92;72;2;Disponible
349;Juan;Duran;Pulido;H;jduran;y$Bhyr-aa)}CG,$;jduran@correo.net;10/01/1962;57;1.78;691.97;No Aplica;100;34;0;Inactivo
350;Isabel;Delgado;Carretero;M;isa.delgado;(&(vFW*=nMU!@qH;isa.delgado@correo.net;3/03/1940;79;1.79;0.0;SI;65;59;0;Disponible
351;MÃ³nica;Notario;Quintana;M;mnotario67;$U--gM(#fy+QT[d;mnotario67@mail.net;3/12/1950;68;1.8;0.0;SI;87;33;5;Disponible
352;BegoÃ±a;HernÃ¡ndez;MÃ©ndez;M;hernandez18;Cyw%7W,ZeSt$q}S;hernandez18@correo.net;21/11/1967;51;1.81;0.0;SI;54;82;9;Disponible
353;Francisca;Calvo;FernÃ¡ndez;M;fracalvo;3CW$)SC$Z3Ez7G;fracalvo@correo.com;31/01/1945;74;1.82;0.0;NO;70;56;8;Inactivo
354;Marta;Marcos;HernÃ¡ndez;M;martamarcos94;N4baUV8!#KRVcm{;martamarcos94@correo.com;10/07/1964;55;1.83;0.0;SI;87;89;3;Inactivo
355;Luis;JordÃ¡n;Moreno;H;luisjordan;w*%v3!X!bE+Hmk;luisjordan@correo.com;7/09/1958;61;1.84;606.33;No Aplica;54;20;0;Inactivo
356;MarÃ­a;GonzÃ¡lez;Carmona;M;mgonzalez83;-QB7=6%A+kjj{GT;mgonzalez83@mail.net;13/10/1977;42;1.85;0.0;NO;63;61;9;Disponible
357;Isabel;Moreno;Suarez;M;isabelmoreno;]#HP5qq7WMZ@CHt;isabelmoreno@email.es;17/11/1935;83;1.86;0.0;NO;33;90;5;Inactivo
358;Sonia;LÃ³pez;Salas;M;sonlopez86;#¿NOMBRE?;sonlopez86@email.es;28/09/1938;81;1.87;0.0;SI;62;27;3;Inactivo
359;JosÃ©;Bautista;Doblas;H;josbautista76;8zYEi9kW/_rrvaM;josbautista76@email.com;13/04/1957;62;1.88;775.37;No Aplica;36;19;0;Disponible
360;MarÃ­a Carmen;Gregorio;Carbonell;M;gregorio5;yV!V:r:Jc2*afb?;gregorio5@correo.es;24/03/1958;61;1.89;0.0;SI;41;13;0;Inactivo
361;Montserrat;Marcos;GutiÃ©rrez;M;mmarcos29;w@FLz.25N[8AgX!;mmarcos29@mail.es;20/04/1985;34;1.9;0.0;SI;2;4;0;Inactivo
362;Javier;Ibarra;Rubio;H;javieribarra;+aMw2*dD5v/}8Q/;javieribarra@mail.es;27/03/1935;84;1.91;510.62;No Aplica;62;99;1;Disponible
363;MarÃ­a Teresa;BÃ¡ez;Higuera;M;mbaez;P*9jJFz&v@-WBN[;mbaez@email.es;3/10/1947;72;1.92;0.0;SI;55;47;6;Disponible
364;Eduardo;Caballero;Lara;H;edu.caballero;H,[#+Pt#nKrLn)H;edu.caballero@mail.net;26/10/1951;68;1.93;616.79;No Aplica;34;84;3;Disponible
365;Ana Isabel;Diez;Llop;M;andiez31;8,.r7#@#:ji*x5;andiez31@mail.com;5/09/1997;22;1.94;0.0;SI;100;80;0;Inactivo
366;Sergio;DÃ­az;SimÃ³n;H;sergiodiaz46;!FxG@aj{H-:k.wy;sergiodiaz46@correo.com;30/09/1936;83;1.95;442.93;No Aplica;12;91;2;Disponible
367;Isabel;Valls;Corbacho;M;valls41;)AXkRK]tRuxA*rp;valls41@mail.net;17/12/1993;25;1.96;0.0;NO;90;90;8;Disponible
368;Isabel;FernÃ¡ndez;Amador;M;isabelfernandez80;uhdYMnXHSH[jcTZ;isabelfernandez80@mail.com;29/10/1947;72;1.97;0.0;NO;41;76;4;Inactivo
369;Fernando;Mateos;Quintero;H;f.mateos;]}H4U?n&!pHH5N7;f.mateos@email.es;3/01/1948;71;1.52;655.08;No Aplica;80;12;0;Inactivo
370;Silvia;MÃ©ndez;GonzÃ¡lez;M;silviamendez;]w}c+YZmdX{FZ_g;silviamendez@mail.net;2/05/1992;27;1.53;0.0;SI;15;49;1;Inactivo
371;JosÃ© Luis;MiÃ±ana;HernÃ¡ndez;H;jos.miÃ±ana;r@.a.DEJw*p-G!J;jos.miÃ±ana@mail.com;6/10/1984;35;1.54;769.65;No Aplica;94;15;0;Disponible
372;Inmaculada;GonzÃ¡lez;Cano;M;inmaculadagonzalez;K*BmikHY+e_@}Mx;inmaculadagonzalez@mail.net;13/11/1976;42;1.55;0.0;NO;84;45;2;Disponible
373;Lucia;Aguilar;GutiÃ©rrez;M;laguilar;ecCkEvdWr-2@Pp[;laguilar@mail.com;6/06/1947;72;1.56;0.0;NO;31;25;3;Inactivo
374;Ã�lvaro;RodrÃ­guez;Molina;H;rodriguez78;dzBC$uh.ba)z)p;rodriguez78@correo.net;23/02/1982;37;1.57;412.41;No Aplica;47;96;7;Disponible
375;JosÃ© Luis;SÃ¡ez;Soto;H;j.saez;[kPRQ-a=rm]ABPq;j.saez@correo.com;6/03/1974;45;1.58;649.02;No Aplica;55;74;4;Inactivo
376;Rafael;Da Costa;SÃ¡nchez;H;d17;c%%nW9A[yn!V.-H;d17@correo.com;27/10/1953;66;1.59;194.99;No Aplica;13;93;0;Inactivo
377;ConcepciÃ³n;GarcÃ­a;Matas;M;garcia11;k4hdK.9f@g7Pfp6;garcia11@correo.es;28/11/1958;60;1.6;0.0;NO;22;84;3;Inactivo
378;MarÃ­a Luisa;Montes;Rojas;M;mmontes72;5_Xq(Eang[:XBA;mmontes72@email.net;31/10/1939;79;1.61;0.0;NO;3;81;0;Inactivo
379;Francisca;PÃ©rez;Barrera;M;fraperez;#¿NOMBRE?;fraperez@mail.com;23/08/1981;38;1.62;0.0;SI;37;69;2;Disponible
380;MarÃ­a Carmen;Ros;Vicens;M;mariros;bu5}d=Kt:GA:yH4;mariros@mail.es;8/01/1967;52;1.63;0.0;NO;94;74;8;Disponible
381;Manuel;Pastor;Delgado;H;manuelpastor;HaYw#6!X+V#8J;manuelpastor@correo.net;22/12/1993;25;1.64;792.2;No Aplica;7;3;0;Disponible
382;MarÃ­a Teresa;Luque;EnrÃ­quez;M;marluque;4/##-N./2W7ny?T;marluque@mail.es;7/03/1946;73;1.65;0.0;NO;46;39;5;Inactivo
383;JesÃºs;Porras;Toscano;H;jesus.porras;A.=:*_&at??K/n#;jesus.porras@mail.es;19/11/1941;77;1.66;835.97;No Aplica;68;97;2;Disponible
384;JesÃºs;Cabello;Alfonso;H;j.cabello;ATS=J24.D{L]Ey;j.cabello@correo.es;19/07/1945;74;1.67;797.02;No Aplica;43;3;0;Inactivo
385;Ã�ngela;Ã�lvarez;FernÃ¡ndez;M;angalvarez;&vpH..56J8}maM3;angalvarez@mail.net;6/02/1942;77;1.68;0.0;NO;8;73;1;Inactivo
386;JosÃ©;Duran;Diz;H;jose.duran;#Dj]xLD#Z()*quU;jose.duran@email.net;7/01/1973;46;1.69;288.18;No Aplica;26;62;2;Disponible
387;Pedro;Suarez;Moran;H;pedrosuarez;TraR#2G3UBjz*EW;pedrosuarez@email.net;10/11/1937;81;1.7;122.92;No Aplica;22;11;1;Inactivo
388;Josefa;Vidal;Portillo;M;josefa.vidal;ccHZ,2%L*SGwzw];josefa.vidal@mail.net;20/07/1956;63;1.71;0.0;SI;60;50;8;Disponible
389;Manuela;DÃ­az;LÃ³pez;M;mandiaz;[mn._5wu]6[uNRB;mandiaz@email.es;4/02/1971;48;1.72;0.0;NO;35;20;1;Disponible
390;Javier;Madrid;Arroyo;H;jav.madrid;2bWZR=xHf],*KnC;jav.madrid@correo.net;4/01/1966;53;1.73;607.96;No Aplica;37;85;1;Disponible
391;JosÃ©;MartÃ­nez;Lorente;H;josemartinez100;?-:aRxSfUU8y:(*;josemartinez100@mail.es;9/02/1941;78;1.74;192.77;No Aplica;65;36;5;Inactivo
392;Enrique;Merino;HernÃ¡ndez;H;e.merino;J&**hT55jLmxEBe;e.merino@mail.com;14/01/1937;82;1.75;116.04;No Aplica;34;55;2;Disponible
393;Yolanda;Acero;NÃºÃ±ez;M;acero75;%dmx[G5+b//DahZ;acero75@mail.com;7/03/1963;56;1.76;0.0;SI;27;21;3;Disponible
394;Laura;Pereira;Pascual;M;pereira33;)AT8?pDi5:F?abb;pereira33@email.com;19/02/1965;54;1.77;0.0;NO;92;52;1;Inactivo
395;Roberto;BenÃ­tez;Torres;H;robbenitez40;c)iZ){K=X/_L?D;robbenitez40@mail.net;11/10/1979;40;1.78;626.06;No Aplica;27;36;2;Inactivo
396;Salvador;JordÃ¡n;RodrÃ­guez;H;saljordan;qY9@byM&PuFTyja;saljordan@email.es;17/08/1941;78;1.79;961.0;No Aplica;22;62;1;Inactivo
397;Manuela;Rojo;Guillen;M;manuelarojo64;LMa#q4ed?YBH+-;manuelarojo64@mail.com;5/01/1982;37;1.8;0.0;SI;23;100;1;Inactivo
398;RocÃ­o;FernÃ¡ndez;RodrÃ­guez;M;rociofernandez;G)@+gVD6wg$niSR;rociofernandez@mail.com;27/01/1989;30;1.81;0.0;NO;79;55;9;Disponible
399;Francisco;Recuero;De las Heras;H;franciscorecuero;6J?hu?2tG=inLM;franciscorecuero@mail.net;14/09/1939;80;1.82;360.95;No Aplica;2;63;0;Disponible
400;Ã�ngel;Arango;Alsina;H;angel.arango;.$y)bu(b!2Z2?T9;angel.arango@email.es;17/05/1951;68;1.83;543.47;No Aplica;3;93;0;Disponible
401;Francisca;Conde;GonzÃ¡lez;M;fraconde;i25=]G5]TrXLFfi;fraconde@mail.net;9/12/1959;59;1.84;0.0;SI;16;8;0;Disponible
402;Cristina;Benavente;Montes;M;benavente39;N+_V?nZV69]pZtX;benavente39@correo.net;11/05/1955;64;1.85;0.0;SI;28;80;0;Inactivo
403;JosÃ©;LÃ³pez;Ventura;H;lopez26;,qw%&[N4p(n#S.];lopez26@mail.es;3/01/1944;75;1.86;725.89;No Aplica;23;52;0;Inactivo
404;Javier;Cortes;JimÃ©nez;H;cortes76;_EWCY+WWcTGeabY;cortes76@correo.com;4/04/1956;63;1.87;952.4;No Aplica;27;45;2;Disponible
405;JosÃ©;Mayo;HernÃ¡ndez;H;may-74;7e8v$JvSH67F45;mayo74@mail.com;22/08/1956;63;1.88;691.12;No Aplica;76;86;9;Disponible
406;Josefa;Parada;Nieves;M;jparada26;:$8i-HD$tCe[S[(;jparada26@correo.net;26/01/1976;43;1.89;0.0;SI;41;60;3;Disponible
407;Antonio;BaÃ±os;RodrÃ­guez;H;antoniobaÃ±os36;hCa&52?(t+Ei4T;antoniobaÃ±os36@email.es;27/05/1995;24;1.9;793.66;No Aplica;24;51;4;Inactivo
408;Jaime;JimÃ©nez;Martin;H;jimenez37;HCD_!Bq@%R[7]=P;jimenez37@correo.com;7/11/1997;21;1.91;312.22;No Aplica;18;16;0;Disponible
409;Pablo;SÃ¡nchez;Arrieta;H;psanchez;A=Nxmnz(fgRr[b;psanchez@email.com;16/05/1961;58;1.92;925.95;No Aplica;57;77;6;Inactivo
410;Dolores;Egea;Macho;M;dolegea22;c_N=]AbG#w3]W9v;dolegea22@correo.net;24/01/1950;69;1.93;0.0;SI;79;81;13;Disponible
411;Salvador;Alonso;PÃ©rez;H;sal.alonso;jvwM=bk4]?z@LjZ;sal.alonso@email.net;21/06/1998;21;1.94;957.85;No Aplica;36;96;0;Disponible
412;MarÃ­a Teresa;GarcÃ­a;Martin;M;margarcia;%V=(}K]k]DZXJp;margarcia@correo.com;8/07/1962;57;1.95;0.0;NO;58;10;1;Inactivo
413;MarÃ­a Carmen;LÃ³pez;Jurado;M;mlopez32;X_%aiZeYiD!P]jB;mlopez32@email.com;17/11/1996;22;1.96;0.0;SI;13;3;0;Disponible
414;Ana MarÃ­a;Ortiz;SÃ¡nchez;M;anortiz;$J4Xq-BwffX7n8Z;anortiz@correo.es;2/11/1992;26;1.97;0.0;NO;19;39;1;Inactivo
415;Juana;FernÃ¡ndez;Lozano;M;juafernandez52;S$3eyH@{rc57M{S;juafernandez52@mail.com;4/12/1977;41;1.52;0.0;NO;46;85;6;Inactivo
416;Javier;GarcÃ­a;Alcaraz;H;javgarcia92;Qi4WNVqA=Ta=86_;javgarcia92@email.com;13/04/1969;50;1.53;160.08;No Aplica;13;9;1;Disponible
417;Susana;Otero;Riveiro;M;sus.otero;ev65_vLM-zrk2Le;sus.otero@mail.es;2/04/1995;24;1.54;0.0;SI;69;40;5;Inactivo
418;Aitor;Serrano;Blanco;H;ait.serrano;c{9y{:AU,E[z87#;ait.serrano@mail.es;23/10/1961;58;1.55;638.65;No Aplica;40;52;2;Disponible
419;Carlos;Pinedo;Abella;H;cpinedo;i8z43Z)Be_aMTT;cpinedo@mail.net;25/01/1966;53;1.56;347.88;No Aplica;98;24;3;Inactivo
420;Marta;GarcÃ­a;Ojeda;M;mgarcia6;}GZkyjXa3CuQ573;mgarcia6@mail.com;8/07/1987;32;1.57;0.0;NO;41;62;3;Inactivo
421;Cristina;Moreno;Santana;M;cmoreno36;yZMCh4*E_S)%hmR;cmoreno36@correo.es;30/10/1957;62;1.58;0.0;NO;92;78;1;Inactivo
422;Francisca;Coll;Blanco;M;fra.coll;=.xK]jzYH&UGeA!;fra.coll@mail.es;10/10/1952;67;1.59;0.0;NO;13;23;1;Inactivo
423;Jorge;MÃ­guez;Bueno;H;jorge.miguez;p(ti*p9,(:(?3Zr;jorge.miguez@email.es;16/09/1992;27;1.6;811.23;No Aplica;61;32;4;Disponible
424;Santiago;QuirÃ³s;Vivas;H;squiros;NKF8,WFw(tXGAt$;squiros@email.com;6/11/1937;81;1.61;617.15;No Aplica;10;78;1;Inactivo
425;Lucia;Gracia;Caballero;M;gracia70;aQfi6h-B[?FT/JJ;gracia70@email.com;2/07/1980;39;1.62;0.0;NO;59;23;3;Disponible
426;Alberto;Montoro;Carmona;H;montoro7;_RVG6R:w4}Ua49?;montoro7@email.net;13/08/1948;71;1.63;693.48;No Aplica;25;43;4;Inactivo
427;Ana;Boix;Mesa;M;ana.boix;apyXUQJi{v4cH,;ana.boix@email.com;10/10/1981;38;1.64;0.0;NO;17;92;1;Disponible
428;Cristina;Prado;CatalÃ¡n;M;prado15;C3(5(@U6t+Yfa@+;prado15@mail.es;22/04/1955;64;1.65;0.0;NO;25;58;2;Disponible
429;MarÃ­a Dolores;MartÃ­nez;RodrÃ­guez;M;mariadolores.martinez;uFG+5m#!.rVHY$!;mariadolores.martinez@email.net;5/10/1961;58;1.66;0.0;SI;20;83;0;Inactivo
430;RamÃ³n;FernÃ¡ndez;Garmendia;H;rfernandez;A#}i)(zDXH)(=[;rfernandez@mail.com;13/04/1981;38;1.67;944.29;No Aplica;29;97;3;Inactivo
431;JesÃºs;AndrÃ©s;RodrÃ­guez;H;jandres;-%9UM7rK%}!-Vpj;jandres@email.es;22/02/1935;84;1.68;580.28;No Aplica;58;93;9;Disponible
432;Yolanda;SÃ¡nchez;NÃºÃ±ez;M;yolsanchez;)RK?gc6x:[8=MpP;yolsanchez@mail.es;18/11/1986;32;1.69;0.0;SI;57;90;8;Inactivo
433;Laura;LÃ³pez;MartÃ­nez;M;lauralopez;fkS@_.Ur4/w]{[m;lauralopez@email.com;23/09/1945;74;1.7;0.0;SI;96;34;3;Inactivo
434;MarÃ­a Ã�ngeles;Guerrero;FernÃ¡ndez;M;mariaangelesguerrero8;/fCM/)*?S4tA/9D;mariaangelesguerrero8@correo.net;29/11/2001;17;1.71;0.0;NO;39;94;5;Inactivo
435;Ana MarÃ­a;Sanz;Recio;M;anasanz77;,W5*T=zYyXd6+U;anasanz77@correo.es;27/11/1941;77;1.72;0.0;SI;48;21;1;Inactivo
436;MarÃ­a;Calero;Bernal;M;marcalero;NBrDbPG6[3gq$hW;marcalero@mail.es;23/03/1971;48;1.73;0.0;NO;100;32;5;Inactivo
437;Diego;RodrÃ­guez;Sanz;H;drodriguez;#EM3xBt5R$vVT7Y;drodriguez@mail.com;18/12/1991;27;1.74;253.88;No Aplica;86;35;4;Inactivo
438;Teresa;Luque;Maza;M;tluque;)(HB_{;tluque@mail.com;14/06/1940;79;1.75;0.0;SI;59;38;5;Inactivo
439;Laura;Pereira;GÃ³mez;M;pereira53;:E+:$5Bkrh68JSu;pereira53@correo.es;25/11/1980;38;1.76;0.0;NO;40;60;3;Disponible
440;Antonio;Salvador;RodrÃ­guez;H;salvador97;e}p+3LThRiFMvT4;salvador97@correo.net;20/12/1992;26;1.77;79.16;No Aplica;81;37;5;Inactivo
441;Ana;FernÃ¡ndez;Moral;M;anafernandez;fw[Zf}Vd$S.xaHX;anafernandez@email.es;11/12/1980;38;1.78;0.0;NO;70;64;5;Inactivo
442;Ana;Ã�lvarez;Campo;M;anaalvarez;gf(fV2Z=piFEvW;anaalvarez@correo.com;14/11/1950;68;1.79;0.0;NO;93;67;10;Disponible
443;Juana;Navarro;GutiÃ©rrez;M;juanavarro;kzECe2V}g_2PJL(;juanavarro@mail.net;27/04/1986;33;1.8;0.0;NO;80;41;1;Disponible
444;Josefa;RodrÃ­guez;FernÃ¡ndez;M;josefa.rodriguez;e-$jd@[t]:h[$/g;josefa.rodriguez@mail.com;6/04/1971;48;1.81;0.0;NO;12;18;0;Inactivo
445;Elena;RodrÃ­guez;FernÃ¡ndez;M;elerodriguez;&H_TAKq(SUDeQwG;elerodriguez@correo.es;18/01/1981;38;1.82;0.0;NO;20;32;1;Disponible
446;Antonia;Blanco;Ayuso;M;antonia.blanco;ytUEY!e.XTC9N[4;antonia.blanco@mail.com;27/09/1968;51;1.83;0.0;NO;34;23;2;Inactivo
447;Unai;Jurado;Rivera;H;unai.jurado;:TPbQ?79zTf-9_B;unai.jurado@email.com;22/02/1964;55;1.84;718.21;No Aplica;70;61;1;Disponible
448;Pablo;GutiÃ©rrez;Camarasa;H;pgutierrez;)N)g&a-ij,{vvyB;pgutierrez@correo.es;2/10/1937;82;1.85;69.94;No Aplica;46;22;1;Inactivo
449;Luis;Roldan;Martin;H;lroldan95;vWqcQCV9P!+rHp;lroldan95@email.com;1/06/1988;31;1.86;363.36;No Aplica;70;96;10;Disponible
450;Juan JosÃ©;Martin;FernÃ¡ndez;H;juamartin;]9t[k?Qnptyy$=6;juamartin@correo.net;13/01/1982;37;1.87;260.89;No Aplica;22;23;1;Inactivo
451;JosÃ©;Albaladejo;Ferrando;H;josalbaladejo;X,)9/x3g/uk6G4m;josalbaladejo@mail.es;28/04/1959;60;1.88;384.05;No Aplica;84;23;2;Inactivo
452;Antonio;Arrebola;Bermejo;H;arrebola69;_)Saz$S$ZNvyuv6;arrebola69@email.net;31/10/1941;77;1.89;929.98;No Aplica;19;67;3;Disponible
453;Alicia;Berlanga;DÃ­az;M;alicia.berlanga;Ln4vmm3zEJbVh&Q;alicia.berlanga@correo.com;24/01/1952;67;1.9;0.0;SI;83;98;0;Disponible
454;Carlos;Ariza;MartÃ­nez;H;carlos.ariza;Ci?}7A6Mukm4d2a;carlos.ariza@email.es;23/06/1997;22;1.91;782.64;No Aplica;49;69;2;Inactivo
455;JosÃ©;MartÃ­nez;Torres;H;josemartinez35;Z8mV?96/q%bmX=P;josemartinez35@email.com;27/12/1970;48;1.92;395.32;No Aplica;10;61;0;Inactivo
456;MarÃ­a;Sanz;Ortega;M;mariasanz23;}g/uJH7)C!c{L{;mariasanz23@mail.com;22/06/1968;51;1.93;0.0;SI;84;30;1;Disponible
457;Antonia;Diez;Ruiz;M;antoniadiez;@QuCRA/:.umL9tZ;antoniadiez@correo.es;29/08/1957;62;1.94;0.0;NO;60;41;3;Disponible
458;MarÃ­a Pilar;PÃ©rez;Ã�lvarez;M;mperez;F{[%wR%#!k/t3*[;mperez@email.com;2/10/1950;69;1.95;0.0;SI;84;92;0;Disponible
459;Manuel;Olivera;CatalÃ¡n;H;molivera;NF-V_BQK52hL7z:;molivera@mail.com;15/10/1945;74;1.96;828.71;No Aplica;43;79;2;Inactivo
460;Ã�ngel;Santana;Pitarch;H;asantana;UXPC%fyF{$eL&Tj;asantana@correo.net;6/08/1993;26;1.97;720.12;No Aplica;53;93;5;Inactivo
461;Manuel;Saavedra;Ortega;H;manuelsaavedra61;?a_cxe)XUPq8gzR;manuelsaavedra61@mail.net;17/07/1979;40;1.52;289.95;No Aplica;16;27;0;Inactivo
462;Miguel;Ivanova;Hurtado;H;ivanova85;BWGEAcjFA7]%Jp2;ivanova85@email.com;25/08/1959;60;1.53;309.26;No Aplica;80;47;7;Disponible
463;MarÃ­a Dolores;GonzÃ¡lez;Verde;M;gonzalez11;GmU@,kk:-GUD}Z_;gonzalez11@mail.es;28/02/1944;75;1.54;0.0;NO;47;89;3;Disponible
464;Rocío;Del Valle;Ribera;M;r.de;[C%v$cq,/k&2*:r;r.de@mail.net;25/02/1985;34;1.55;0.0;SI;73;99;0;Inactivo
465;Carlos;Carrasco;Da Silva;H;carloscarrasco;$ZAX/d&-=!9@?MQ;carloscarrasco@email.net;26/08/1980;39;1.56;874.98;No Aplica;53;92;1;Inactivo
466;Juan Carlos;Galindo;Santana;H;juagalindo;P,u[2PyrjNM_:_9;juagalindo@correo.net;13/12/2001;17;1.57;717.09;No Aplica;35;59;3;Disponible
467;q;q;q;M;q;1;1;11/11/0111;1911;1.0;1.0;SI;0;0;0;disponible
468;Johan;Gomez;Beltran;M;Sebas82;123;123;25/11/2004;18;1.45;123.0;NO APLICA;0;0;0;disponible
469;S;S;S;H;Sebas;Sebas;Sebas;11/11/1111;911;1.0;1.0;SI;0;0;0;disponible
